soundtrack_appid,soundtrack_name,soundtrack_reviews,soundtrack_positive_percentage,main_game_appid,main_game_name,main_game_reviews,main_game_positive_percentage,main_game_genre
492140,Dead by Daylight: Original Soundtrack,315,77.14,381210,Dead by Daylight,575923,79.03,Action
1266580,eden* Soundtrack,28,82.14,315810,eden*,3557,98.09,Adventure
571010,ASTRONEER (Original Soundtrack),109,85.32,361420,ASTRONEER,109874,92.24,Adventure
571010,ASTRONEER (Original Soundtrack),109,85.32,361420,ASTRONEER,109874,92.24,Adventure
1079460,Descenders Soundtrack,40,80.0,681280,Descenders,15467,95.27,Action
1079460,Descenders Soundtrack,40,80.0,681280,Descenders,15467,95.27,Action
1079460,Descenders Soundtrack,40,80.0,681280,Descenders,15467,95.27,Action
1797050,Age of Empires IV Digital Soundtrack,49,79.59,1466860,Age of Empires IV: Anniversary Edition,60200,86.31,Strategy
2282210,Rain World: Downpour - Soundtrack,36,94.44,312520,Rain World,33757,94.69,Action
2282210,Rain World: Downpour - Soundtrack,36,94.44,312520,Rain World,33757,94.69,Action
2282210,Rain World: Downpour - Soundtrack,36,94.44,312520,Rain World,33757,94.69,Action
2282210,Rain World: Downpour - Soundtrack,36,94.44,312520,Rain World,33757,94.69,Action
2282210,Rain World: Downpour - Soundtrack,36,94.44,312520,Rain World,33757,94.69,Unknown
514800,Quantum Break - Original Game Soundtrack,25,56.0,474960,Quantum Break,20890,86.4,Action
1701720,Rust Soundtrack,153,81.7,252490,Rust,1013088,87.67,Action
1701720,Rust Soundtrack,153,81.7,252490,Rust,1013088,87.67,Action
799331,Ancestors Legacy - Digital Soundtrack,28,92.86,620590,Ancestors Legacy,5572,79.88,Strategy
1206340,Hades Original Soundtrack,233,97.0,1145360,Hades,257678,98.25,Action
1206340,Hades Original Soundtrack,233,97.0,1145360,Hades,257678,98.25,Action
1249770,State of Decay 2 Soundtrack,48,81.25,495420,State of Decay 2: Juggernaut Edition,52396,83.87,Action
1249770,State of Decay 2 Soundtrack,48,81.25,495420,State of Decay 2: Juggernaut Edition,52396,83.87,Action
1523190,Dyson Sphere Program - Soundtrack,130,97.69,1366540,Dyson Sphere Program,77197,97.69,Indie
1101300,Bloodstained: Ritual of the Night - Soundtrack,110,91.82,692850,Bloodstained: Ritual of the Night,27955,93.97,Action
1101300,Bloodstained: Ritual of the Night - Soundtrack,110,91.82,692850,Bloodstained: Ritual of the Night,27955,93.97,Action
1101300,Bloodstained: Ritual of the Night - Soundtrack,110,91.82,692850,Bloodstained: Ritual of the Night,27955,93.97,Action
3514130,NieR:Automata Original Soundtrack,22,86.36,524220,NieR:Automata™,103329,88.1,Action
3514130,NieR:Automata Original Soundtrack,22,86.36,524220,NieR:Automata™,103329,88.1,Unknown
1709930,I Am Fish Soundtrack,22,63.64,1472560,I Am Fish,2093,75.73,Adventure
1709930,I Am Fish Soundtrack,22,63.64,1472560,I Am Fish,2093,75.73,Adventure
1314470,BPM: BULLETS PER MINUTE Soundtrack,50,98.0,1286350,BPM: BULLETS PER MINUTE,9347,92.31,Action
1280900,Full Service Soundtrack,27,33.33,1223810,Full Service,482,96.68,Casual
1041000,Hypnospace Outlaw (Original Soundtrack),28,96.43,844590,Hypnospace Outlaw,4083,96.87,Simulation
1041000,Hypnospace Outlaw (Original Soundtrack),28,96.43,844590,Hypnospace Outlaw,4083,96.87,Simulation
1041000,Hypnospace Outlaw (Original Soundtrack),28,96.43,844590,Hypnospace Outlaw,4083,96.87,Simulation
989960,Project Warlock - Soundtrack,39,94.87,893680,Project Warlock,3774,88.02,Action
564030,The Uncertain: Last Quiet Day Soundtrack and Artbook,25,92.0,406970,The Uncertain: Last Quiet Day,1628,76.35,Adventure
564030,The Uncertain: Last Quiet Day Soundtrack and Artbook,25,92.0,406970,The Uncertain: Last Quiet Day,1628,76.35,Adventure
2105100,"Love, Money, Rock'n'Roll Soundtrack",58,98.28,615530,"Love, Money, Rock'n'Roll",3406,82.68,Adventure
1258740,Ori and the Will of the Wisps Soundtrack,204,96.57,1057090,Ori and the Will of the Wisps,126582,96.59,Action
1258740,Ori and the Will of the Wisps Soundtrack,204,96.57,1057090,Ori and the Will of the Wisps,126582,96.59,Action
2517310,Persona 3 Reload - Digital Soundtrack,309,2.27,2161700,Persona 3 Reload,28209,95.12,Adventure
1236640,"Warhammer 40,000: Mechanicus - Complete Original Soundtrack",52,100.0,673880,"Warhammer 40,000: Mechanicus",10247,92.2,Strategy
1236640,"Warhammer 40,000: Mechanicus - Complete Original Soundtrack",52,100.0,673880,"Warhammer 40,000: Mechanicus",10247,92.2,Strategy
2054540,Neon White - Original Soundtrack,52,100.0,1533420,Neon White,14765,98.25,Action
2054540,Neon White - Original Soundtrack,52,100.0,1533420,Neon White,14765,98.25,Action
1161410,Noita Soundtrack,42,90.48,881100,Noita,71246,95.28,Action
1161410,Noita Soundtrack,42,90.48,881100,Noita,71246,95.28,Action
1351390,Not For Broadcast Original Soundtrack,66,89.39,1147550,Not For Broadcast,9371,94.44,Adventure
1402630,Freedom Fighters Soundtrack,38,97.37,1347780,Freedom Fighters,1832,94.54,Action
1402630,Freedom Fighters Soundtrack,38,97.37,1347780,Freedom Fighters,1832,94.54,Action
570930,Redout - Soundtrack,31,100.0,517710,Redout: Enhanced Edition,3352,84.96,Racing
570930,Redout - Soundtrack,31,100.0,517710,Redout: Enhanced Edition,3352,84.96,Racing
929350,TouHou Makuka Sai ~ Fantastic Danmaku Festival Soundtrack,25,88.0,882710,東方幕華祭 TouHou Makuka Sai ~ Fantastic Danmaku Festival,1238,96.28,Action
2194520,Mount & Blade II: Bannerlord Soundtrack,45,91.11,261550,Mount & Blade II: Bannerlord,204069,87.92,Action
2194520,Mount & Blade II: Bannerlord Soundtrack,45,91.11,261550,Mount & Blade II: Bannerlord,204069,87.92,Action
564030,The Uncertain: Last Quiet Day Soundtrack and Artbook,25,92.0,406970,The Uncertain: Last Quiet Day,1628,76.35,Adventure
564030,The Uncertain: Last Quiet Day Soundtrack and Artbook,25,92.0,406970,The Uncertain: Last Quiet Day,1628,76.35,Adventure
458790,The House in Fata Morgana Original Soundtrack,38,100.0,303310,The House in Fata Morgana,4582,94.74,Adventure
1395720,Spiritfarer Soundtrack,45,95.56,972660,Spiritfarer®: Farewell Edition,40439,95.23,Adventure
1395720,Spiritfarer Soundtrack,45,95.56,972660,Spiritfarer®: Farewell Edition,40439,95.23,Adventure
1905390,Survivors of the Void Soundtrack,58,98.28,632360,Risk of Rain 2,210181,93.43,Action
1905390,Survivors of the Void Soundtrack,58,98.28,632360,Risk of Rain 2,210181,93.43,Action
1905390,Survivors of the Void Soundtrack,58,98.28,632360,Risk of Rain 2,210181,93.43,Action
1905390,Survivors of the Void Soundtrack,58,98.28,632360,Risk of Rain 2,210181,93.43,Action
2950840,Hades II Original Soundtrack ,50,98.0,1145350,Hades II,59516,94.87,Action
1107290,My Friend Pedro Soundtrack,41,95.12,557340,My Friend Pedro,23633,96.0,Action
1107290,My Friend Pedro Soundtrack,41,95.12,557340,My Friend Pedro,23633,96.0,Action
1107290,My Friend Pedro Soundtrack,41,95.12,557340,My Friend Pedro,23633,96.0,Action
556900,Shadow Tactics: Blades of the Shogun - Official Soundtrack,44,95.45,418240,Shadow Tactics: Blades of the Shogun,29778,96.05,Indie
556900,Shadow Tactics: Blades of the Shogun - Official Soundtrack,44,95.45,418240,Shadow Tactics: Blades of the Shogun,29778,96.05,Indie
2169090,Vampire Survivors Soundtrack,190,97.89,1794680,Vampire Survivors,236877,98.51,Action
1291400,Cloudpunk Soundtrack,33,87.88,746850,Cloudpunk,12878,88.36,Adventure
610220,Night in the Woods - Soundtrack Vol. I,29,93.1,481510,Night in the Woods,16073,94.67,Adventure
610220,Night in the Woods - Soundtrack Vol. I,29,93.1,481510,Night in the Woods,16073,94.67,Adventure
1717450,Minecraft Dungeons Ultimate Edition Soundtrack,43,93.02,1672970,Minecraft Dungeons,12611,91.2,Action
1717450,Minecraft Dungeons Ultimate Edition Soundtrack,43,93.02,1672970,Minecraft Dungeons,12611,91.2,Action
435910,Firewatch Original Soundtrack,105,94.29,383870,Firewatch,84463,90.33,Adventure
1299630,112 Operator Soundtrack,25,80.0,793460,112 Operator,5100,89.43,Indie
1396440,Neon Abyss Soundtrack,61,78.69,788100,Neon Abyss,19279,86.55,Action
1396440,Neon Abyss Soundtrack,61,78.69,788100,Neon Abyss,19279,86.55,Action
1384780,Paradise Killer Soundtrack,34,100.0,1160220,Paradise Killer,2924,93.95,Adventure
506080,Meadow Soundtrack,23,82.61,486310,Meadow - A Shelter Game,5033,90.15,Adventure
1968750,Songs of Conquest - Original Soundtrack,25,100.0,867210,Songs of Conquest,10286,86.47,Adventure
1968750,Songs of Conquest - Original Soundtrack,25,100.0,867210,Songs of Conquest,10286,86.47,Unknown
594184,Blackwake Official Soundtrack,28,100.0,420290,Blackwake,20828,82.3,Action
594184,Blackwake Official Soundtrack,28,100.0,420290,Blackwake,20828,82.3,Action
299240,Transistor Soundtrack,403,97.27,237930,Transistor,27320,93.85,Action
1233340,The Witcher 3: Wild Hunt - Blood and Wine Soundtrack,63,93.65,292030,The Witcher 3: Wild Hunt,757401,96.83,RPG
1233340,The Witcher 3: Wild Hunt - Blood and Wine Soundtrack,63,93.65,292030,The Witcher 3: Wild Hunt,757401,96.83,RPG
1233340,The Witcher 3: Wild Hunt - Blood and Wine Soundtrack,63,93.65,292030,The Witcher 3: Wild Hunt,757401,96.83,RPG
1233340,The Witcher 3: Wild Hunt - Blood and Wine Soundtrack,63,93.65,292030,The Witcher 3: Wild Hunt,757401,96.83,RPG
1233340,The Witcher 3: Wild Hunt - Blood and Wine Soundtrack,63,93.65,292030,The Witcher 3: Wild Hunt,757401,96.83,RPG
1435510,ATRI -My Dear Moments- Original Soundtrack,66,100.0,1230140,ATRI -My Dear Moments-,19420,98.63,Adventure
1238761,DJMAX RESPECT V - V Original Soundtrack,39,76.92,960170,DJMAX RESPECT V,24810,89.61,Action
1238761,DJMAX RESPECT V - V Original Soundtrack,39,76.92,960170,DJMAX RESPECT V,24810,89.61,Action
1238761,DJMAX RESPECT V - V Original Soundtrack,39,76.92,960170,DJMAX RESPECT V,24810,89.61,Action
1238761,DJMAX RESPECT V - V Original Soundtrack,39,76.92,960170,DJMAX RESPECT V,24810,89.61,Unknown
1238761,DJMAX RESPECT V - V Original Soundtrack,39,76.92,960170,DJMAX RESPECT V,24810,89.61,Action
1238761,DJMAX RESPECT V - V Original Soundtrack,39,76.92,960170,DJMAX RESPECT V,24810,89.61,Action
1238761,DJMAX RESPECT V - V Original Soundtrack,39,76.92,960170,DJMAX RESPECT V,24810,89.61,Action
1238761,DJMAX RESPECT V - V Original Soundtrack,39,76.92,960170,DJMAX RESPECT V,24810,89.61,Action
453020,Hyper Light Drifter Soundtrack,42,95.24,257850,Hyper Light Drifter,14206,93.59,Action
2341310,Hi-Fi RUSH Original Game Soundtrack,38,97.37,1817230,Hi-Fi RUSH,25623,97.57,Action
1101300,Bloodstained: Ritual of the Night - Soundtrack,110,91.82,692850,Bloodstained: Ritual of the Night,27955,93.97,Action
1101300,Bloodstained: Ritual of the Night - Soundtrack,110,91.82,692850,Bloodstained: Ritual of the Night,27955,93.97,Action
1101300,Bloodstained: Ritual of the Night - Soundtrack,110,91.82,692850,Bloodstained: Ritual of the Night,27955,93.97,Action
568290,Detention - Original Soundtracks,86,87.21,555220,Detention,9816,95.8,Adventure
568290,Detention - Original Soundtracks,86,87.21,555220,Detention,9816,95.8,Adventure
1998750,Guilty Gear -Strive- Original Soundtrack Necessary Discrepancy Disc 2,30,93.33,1384160,GUILTY GEAR -STRIVE-,41982,88.76,Action
1998750,Guilty Gear -Strive- Original Soundtrack Necessary Discrepancy Disc 2,30,93.33,1384160,GUILTY GEAR -STRIVE-,41982,88.76,Action
1998750,Guilty Gear -Strive- Original Soundtrack Necessary Discrepancy Disc 2,30,93.33,1384160,GUILTY GEAR -STRIVE-,41982,88.76,Action
2363990,FlipWitch - Forbidden Sex Hex Soundtrack,26,100.0,1748620,FlipWitch - Forbidden Sex Hex,4419,94.57,Action
2363990,FlipWitch - Forbidden Sex Hex Soundtrack,26,100.0,1748620,FlipWitch - Forbidden Sex Hex,4419,94.57,Action
1202460,Sayonara Wild Hearts - Original Soundtrack,38,89.47,1122720,Sayonara Wild Hearts,7504,96.82,Action
1202460,Sayonara Wild Hearts - Original Soundtrack,38,89.47,1122720,Sayonara Wild Hearts,7504,96.82,Action
967400,GRIP: Combat Racing - Official Soundtrack,20,90.0,396900,GRIP: Combat Racing,3358,86.84,Action
967400,GRIP: Combat Racing - Official Soundtrack,20,90.0,396900,GRIP: Combat Racing,3358,86.84,Unknown
1763920,Impostor Factory Soundtrack,44,97.73,1182620,Impostor Factory,10928,95.85,Adventure
1236370,Northgard Soundtrack,28,96.43,466560,Northgard,50963,86.45,Adventure
1236370,Northgard Soundtrack,28,96.43,466560,Northgard,50963,86.45,Adventure
522333,Shadow Warrior 2 - Soundtrack,30,50.0,324800,Shadow Warrior 2,23295,87.35,Action
1703630,Paint the Town Red Original Soundtrack,41,48.78,337320,Paint the Town Red,26493,96.1,Action
1703630,Paint the Town Red Original Soundtrack,41,48.78,337320,Paint the Town Red,26493,96.1,Action
2115940,IXION - Original Soundtrack,42,97.62,1113120,IXION,13418,77.35,Indie
1464980,"UNREAL LIFE Original Soundtrack ""Sound of the Mind""",20,100.0,1335560,UNREAL LIFE,1510,95.63,Adventure
1192450,Wolcen: Lords of Mayhem - Original Soundtrack,34,50.0,424370,Wolcen: Lords of Mayhem,61575,55.86,Action
1192450,Wolcen: Lords of Mayhem - Original Soundtrack,34,50.0,424370,Wolcen: Lords of Mayhem,61575,55.86,Action
1016080,Imperator: Rome - Complete Soundtrack,82,53.66,859580,Imperator: Rome,18938,64.85,Simulation
1016080,Imperator: Rome - Complete Soundtrack,82,53.66,859580,Imperator: Rome,18938,64.85,Simulation
971600,Epic Battle Fantasy 5 - Soundtrack,49,100.0,432350,Epic Battle Fantasy 5,5085,98.68,Adventure
971600,Epic Battle Fantasy 5 - Soundtrack,49,100.0,432350,Epic Battle Fantasy 5,5085,98.68,Adventure
1316670,DEEMO -Reborn- Soundtrack,28,35.71,1282210,DEEMO -Reborn-,3092,87.35,Action
1260680,Hentai Furry Soundtrack,54,79.63,1260390,Hentai Furry,1012,83.5,Casual
1260680,Hentai Furry Soundtrack,54,79.63,1260390,Hentai Furry,1012,83.5,Casual
2426930,Fate/Samurai Remnant Digital Artbook & Soundtrack,29,17.24,1902690,Fate/Samurai Remnant,4514,90.78,Action
468550,Original Soundtrack,254,94.09,233860,Kenshi,81106,95.44,Action
1376680,Paper Dolls Soundtrack,41,100.0,1334040,Paper Dolls 2 纸人贰,2392,84.41,Action
1877810,Iron Lung Soundtrack,28,92.86,1846170,Iron Lung,7497,92.49,Adventure
1877810,Iron Lung Soundtrack,28,92.86,1846170,Iron Lung,7497,92.49,Adventure
1142470,Touhou Luna Nights - Original Soundtrack,49,87.76,851100,Touhou Luna Nights,12871,97.6,Action
1142470,Touhou Luna Nights - Original Soundtrack,49,87.76,851100,Touhou Luna Nights,12871,97.6,Action
1247130,"War Thunder: Air Forces, Vol.1 (Original Game Soundtrack)",30,73.33,236390,War Thunder,1770,71.69,Action
1247130,"War Thunder: Air Forces, Vol.1 (Original Game Soundtrack)",30,73.33,236390,War Thunder,1770,71.69,Action
1247130,"War Thunder: Air Forces, Vol.1 (Original Game Soundtrack)",30,73.33,236390,War Thunder,1770,71.69,Action
1247130,"War Thunder: Air Forces, Vol.1 (Original Game Soundtrack)",30,73.33,236390,War Thunder,1770,71.69,Action
1236370,Northgard Soundtrack,28,96.43,466560,Northgard,50963,86.45,Adventure
1236370,Northgard Soundtrack,28,96.43,466560,Northgard,50963,86.45,Adventure
599050,Syrian Warfare - original soundtrack,56,96.43,485980,Syrian Warfare,4903,86.95,Indie
599050,Syrian Warfare - original soundtrack,56,96.43,485980,Syrian Warfare,4903,86.95,Unknown
1100130,They Are Billions - Soundtrack & Art Book,46,91.3,644930,They Are Billions,43517,85.08,Strategy
1100130,They Are Billions - Soundtrack & Art Book,46,91.3,644930,They Are Billions,43517,85.08,Strategy
1100130,They Are Billions - Soundtrack & Art Book,46,91.3,644930,They Are Billions,43517,85.08,Strategy
1075710,Katana ZERO Soundtrack,93,97.85,460950,Katana ZERO,61984,98.1,Action
1075710,Katana ZERO Soundtrack,93,97.85,460950,Katana ZERO,61984,98.1,Unknown
1075710,Katana ZERO Soundtrack,93,97.85,460950,Katana ZERO,61984,98.1,Unknown
2771110,Palworld - Soundtrack,219,56.16,1623730,Palworld,319691,94.05,Action
2771110,Palworld - Soundtrack,219,56.16,1623730,Palworld,319691,94.05,Action
3486410,Threefold Recital Soundtrack,21,100.0,3084280,Threefold Recital,2601,98.92,Adventure
511170,Vanguard Princess Soundtrack and Artwork,23,82.61,262150,Vanguard Princess,1484,70.01,Action
966350,Frostpunk Original Soundtrack,230,94.35,323190,Frostpunk,101788,92.51,Simulation
966350,Frostpunk Original Soundtrack,230,94.35,323190,Frostpunk,101788,92.51,Unknown
1138490,Dicey Dungeons - Soundtrack,32,96.88,861540,Dicey Dungeons,9742,89.3,Indie
1138490,Dicey Dungeons - Soundtrack,32,96.88,861540,Dicey Dungeons,9742,89.3,Indie
1240360,The Elder Scrolls V: Skyrim Soundtrack,68,73.53,72850,The Elder Scrolls V: Skyrim,181131,94.51,RPG
1240360,The Elder Scrolls V: Skyrim Soundtrack,68,73.53,72850,The Elder Scrolls V: Skyrim,181131,94.51,RPG
3468550,Kingdom Come: Deliverance II Soundtrack,68,97.06,1771300,Kingdom Come: Deliverance II,72948,93.65,Action
450130,Woodle Tree Adventures - Soundtrack,20,65.0,299460,Woodle Tree Adventures,1367,70.59,Action
453400,Squad - Original Soundtrack Vol. 1 & 2,118,93.22,393380,Squad,154694,84.4,Action
1244560,Outward Soundtrack,28,92.86,794260,Outward Definitive Edition,22156,73.19,RPG
1244560,Outward Soundtrack,28,92.86,794260,Outward Definitive Edition,22156,73.19,RPG
1234950,Hunt: Showdown 1896 - Soundtrack,218,69.27,594650,Hunt: Showdown 1896,191891,73.91,Action
1234950,Hunt: Showdown 1896 - Soundtrack,218,69.27,594650,Hunt: Showdown 1896,191891,73.91,Action
1658720,Library Of Ruina Soundtrack,186,95.16,1256670,Library Of Ruina,30571,94.25,Indie
1050460,Devil May Cry 5 Original Soundtrack,72,100.0,601150,Devil May Cry 5,98104,96.19,Action
1050460,Devil May Cry 5 Original Soundtrack,72,100.0,601150,Devil May Cry 5,98104,96.19,Action
1050460,Devil May Cry 5 Original Soundtrack,72,100.0,601150,Devil May Cry 5,98104,96.19,Action
2365170,q.u.q. Soundtrack,23,95.65,2302140,q.u.q.,1243,95.41,Indie
2365170,q.u.q. Soundtrack,23,95.65,2302140,q.u.q.,1243,95.41,Indie
487240,Neon Drive - Soundtrack,26,100.0,433910,Neon Drive,1584,87.25,Action
1244160,Oxygen Not Included Soundtrack,101,98.02,457140,Oxygen Not Included,119727,96.82,Indie
1244160,Oxygen Not Included Soundtrack,101,98.02,457140,Oxygen Not Included,119727,96.82,Indie
256240,Deadly Premonition Soundtrack,20,90.0,247660,Deadly Premonition: The Director's Cut,2948,66.62,Action
1717040,The Rewinder Original Soundtrack,50,98.0,1161170,The Rewinder,6470,96.28,Adventure
1717040,The Rewinder Original Soundtrack,50,98.0,1161170,The Rewinder,6470,96.28,Adventure
1232080,Thronebreaker: The Witcher Tales Soundtrack,27,81.48,973760,Thronebreaker: The Witcher Tales,14470,89.99,Adventure
1232080,Thronebreaker: The Witcher Tales Soundtrack,27,81.48,973760,Thronebreaker: The Witcher Tales,14470,89.99,Adventure
802640,Deep Rock Galactic - Original Soundtrack Volume I + II,309,98.38,548430,Deep Rock Galactic,271927,97.47,Action
610070,Rain World - Soundtrack,56,83.93,312520,Rain World,33757,94.69,Action
610070,Rain World - Soundtrack,56,83.93,312520,Rain World,33757,94.69,Action
610070,Rain World - Soundtrack,56,83.93,312520,Rain World,33757,94.69,Action
610070,Rain World - Soundtrack,56,83.93,312520,Rain World,33757,94.69,Action
610070,Rain World - Soundtrack,56,83.93,312520,Rain World,33757,94.69,Unknown
1236890,Risk of Rain 2 Soundtrack,183,97.27,632360,Risk of Rain 2,210181,93.43,Action
1236890,Risk of Rain 2 Soundtrack,183,97.27,632360,Risk of Rain 2,210181,93.43,Action
1236890,Risk of Rain 2 Soundtrack,183,97.27,632360,Risk of Rain 2,210181,93.43,Action
1236890,Risk of Rain 2 Soundtrack,183,97.27,632360,Risk of Rain 2,210181,93.43,Action
1396440,Neon Abyss Soundtrack,61,78.69,788100,Neon Abyss,19279,86.55,Action
1396440,Neon Abyss Soundtrack,61,78.69,788100,Neon Abyss,19279,86.55,Action
1231980,Coffee Talk - Soundtrack OST,30,96.67,914800,Coffee Talk,10041,94.94,Adventure
1231980,Coffee Talk - Soundtrack OST,30,96.67,914800,Coffee Talk,10041,94.94,Adventure
1508300,OMORI Soundtrack,226,96.02,1150690,OMORI,71696,97.33,Adventure
1249770,State of Decay 2 Soundtrack,48,81.25,495420,State of Decay 2: Juggernaut Edition,52396,83.87,Action
1249770,State of Decay 2 Soundtrack,48,81.25,495420,State of Decay 2: Juggernaut Edition,52396,83.87,Action
1918860,The Upturned Soundtrack,29,100.0,1717770,The Upturned,2164,99.26,Action
1260510,MADNESS: Project Nexus Soundtrack,110,98.18,488860,MADNESS: Project Nexus,14229,97.3,Action
1228810,Age of Empires II: Definitive Edition Soundtrack,43,74.42,813780,Age of Empires II: Definitive Edition,141188,94.89,Strategy
1228810,Age of Empires II: Definitive Edition Soundtrack,43,74.42,813780,Age of Empires II: Definitive Edition,141188,94.89,Strategy
1197651,Barotrauma - Soundtrack,77,100.0,602960,Barotrauma,51678,94.2,Action
1197651,Barotrauma - Soundtrack,77,100.0,602960,Barotrauma,51678,94.2,Action
2932630,Manor Lords - Soundtrack,55,98.18,1363080,Manor Lords,59785,86.95,Simulation
2007440,POSTAL Brain Damaged Soundtrack,28,92.86,1359980,POSTAL: Brain Damaged,7331,95.91,Action
2007440,POSTAL Brain Damaged Soundtrack,28,92.86,1359980,POSTAL: Brain Damaged,7331,95.91,Action
2023240,Scorn: Original Soundtrack,38,94.74,698670,Scorn,10973,77.48,Action
2023240,Scorn: Original Soundtrack,38,94.74,698670,Scorn,10973,77.48,Action
1458660,Sex with Stalin Soundtrack,122,93.44,1085750,Sex with Stalin,2044,84.05,Indie
1998650,Guilty Gear -Strive- Original Soundtrack Necessary Discrepancy Disc 1,40,95.0,1384160,GUILTY GEAR -STRIVE-,41982,88.76,Action
1998650,Guilty Gear -Strive- Original Soundtrack Necessary Discrepancy Disc 1,40,95.0,1384160,GUILTY GEAR -STRIVE-,41982,88.76,Action
1998650,Guilty Gear -Strive- Original Soundtrack Necessary Discrepancy Disc 1,40,95.0,1384160,GUILTY GEAR -STRIVE-,41982,88.76,Action
1003800,Gang Beasts Soundtrack,52,67.31,285900,Gang Beasts,48607,85.41,Action
1562200,Loop Hero Soundtrack,46,100.0,1282730,Loop Hero,31995,92.97,Indie
1206340,Hades Original Soundtrack,233,97.0,1145360,Hades,257678,98.25,Action
1206340,Hades Original Soundtrack,233,97.0,1145360,Hades,257678,98.25,Action
1229320,The Witcher 3: Wild Hunt Soundtrack,156,89.74,292030,The Witcher 3: Wild Hunt,757401,96.83,RPG
1229320,The Witcher 3: Wild Hunt Soundtrack,156,89.74,292030,The Witcher 3: Wild Hunt,757401,96.83,RPG
1229320,The Witcher 3: Wild Hunt Soundtrack,156,89.74,292030,The Witcher 3: Wild Hunt,757401,96.83,RPG
1229320,The Witcher 3: Wild Hunt Soundtrack,156,89.74,292030,The Witcher 3: Wild Hunt,757401,96.83,RPG
1229320,The Witcher 3: Wild Hunt Soundtrack,156,89.74,292030,The Witcher 3: Wild Hunt,757401,96.83,RPG
1717040,The Rewinder Original Soundtrack,50,98.0,1161170,The Rewinder,6470,96.28,Adventure
1717040,The Rewinder Original Soundtrack,50,98.0,1161170,The Rewinder,6470,96.28,Adventure
1727830,OPUS: Echo of Starsong Original Soundtrack -Best Selection-,104,100.0,1504500,OPUS: Echo of Starsong - Full Bloom Edition,8074,96.47,Adventure
1727830,OPUS: Echo of Starsong Original Soundtrack -Best Selection-,104,100.0,1504500,OPUS: Echo of Starsong - Full Bloom Edition,8074,96.47,Adventure
1197651,Barotrauma - Soundtrack,77,100.0,602960,Barotrauma,51678,94.2,Action
1197651,Barotrauma - Soundtrack,77,100.0,602960,Barotrauma,51678,94.2,Action
1842620,Trepang2 - Soundtrack,38,94.74,1164940,Trepang2,11266,93.92,Action
1842620,Trepang2 - Soundtrack,38,94.74,1164940,Trepang2,11266,93.92,Action
452070,Oblivion Soundtrack,26,76.92,22330,The Elder Scrolls IV: Oblivion® Game of the Year Edition (2009),40552,95.27,RPG
598190,Hollow Knight - Official Soundtrack,493,97.16,367520,Hollow Knight,366939,97.1,Action
598190,Hollow Knight - Official Soundtrack,493,97.16,367520,Hollow Knight,366939,97.1,Action
1253280,Death and Taxes Soundtrack,32,96.88,1166290,Death and Taxes,6424,87.11,Adventure
1253280,Death and Taxes Soundtrack,32,96.88,1166290,Death and Taxes,6424,87.11,Adventure
1161410,Noita Soundtrack,42,90.48,881100,Noita,71246,95.28,Action
1161410,Noita Soundtrack,42,90.48,881100,Noita,71246,95.28,Action
1781690,Doki Doki Literature Club Plus! Soundtrack,123,100.0,1388880,Doki Doki Literature Club Plus!,25440,96.95,Casual
466390,Ori and the Blind Forest (Additional Soundtrack),26,92.31,387290,Ori and the Blind Forest: Definitive Edition,58476,95.14,Action
466390,Ori and the Blind Forest (Additional Soundtrack),26,92.31,387290,Ori and the Blind Forest: Definitive Edition,58476,95.14,Action
1016520,Pikuniku Soundtrack + Comic,57,87.72,572890,Pikuniku,8420,96.05,Action
1016520,Pikuniku Soundtrack + Comic,57,87.72,572890,Pikuniku,8420,96.05,Action
1092840,Celeste Original Soundtrack,258,93.02,504230,Celeste,106927,97.51,Action
1092840,Celeste Original Soundtrack,258,93.02,504230,Celeste,106927,97.51,Action
1092840,Celeste Original Soundtrack,258,93.02,504230,Celeste,106927,97.51,Action
609440,"Peace, Death! - Soundtrack",30,100.0,588690,"Peace, Death!",2157,93.74,Casual
609440,"Peace, Death! - Soundtrack",30,100.0,588690,"Peace, Death!",2157,93.74,Casual
306160,Dead Bits (Soundtrack),78,80.77,303390,Dead Bits,3432,60.84,Action
1717450,Minecraft Dungeons Ultimate Edition Soundtrack,43,93.02,1672970,Minecraft Dungeons,12611,91.2,Action
1717450,Minecraft Dungeons Ultimate Edition Soundtrack,43,93.02,1672970,Minecraft Dungeons,12611,91.2,Action
451160,Rock 'N' Roll Defense: Soundtrack,50,92.0,438480,Rock 'N' Roll Defense,2431,87.21,Action
577020,"Planes, Bullets and Vodka: Soundtrack",67,94.03,562360,"Planes, Bullets and Vodka",1793,84.94,Action
577020,"Planes, Bullets and Vodka: Soundtrack",67,94.03,562360,"Planes, Bullets and Vodka",1793,84.94,Action
577020,"Planes, Bullets and Vodka: Soundtrack",67,94.03,562360,"Planes, Bullets and Vodka",1793,84.94,Action
2303120,Atomic Heart - Original Soundtrack,119,89.92,668580,Atomic Heart,28796,82.34,Action
2303120,Atomic Heart - Original Soundtrack,119,89.92,668580,Atomic Heart,28796,82.34,Action
1279750,BIOMUTANT - Soundtrack,30,90.0,597820,BIOMUTANT,12597,67.14,Action
1173140,Disco Elysium - Soundtrack & Artbook,137,90.51,632470,Disco Elysium - The Final Cut,100764,93.15,RPG
1173140,Disco Elysium - Soundtrack & Artbook,137,90.51,632470,Disco Elysium - The Final Cut,100764,93.15,RPG
1173140,Disco Elysium - Soundtrack & Artbook,137,90.51,632470,Disco Elysium - The Final Cut,100764,93.15,RPG
1173140,Disco Elysium - Soundtrack & Artbook,137,90.51,632470,Disco Elysium - The Final Cut,100764,93.15,RPG
594184,Blackwake Official Soundtrack,28,100.0,420290,Blackwake,20828,82.3,Action
594184,Blackwake Official Soundtrack,28,100.0,420290,Blackwake,20828,82.3,Action
2771110,Palworld - Soundtrack,219,56.16,1623730,Palworld,319691,94.05,Action
2771110,Palworld - Soundtrack,219,56.16,1623730,Palworld,319691,94.05,Action
1277600,X4: Split Vendetta Soundtrack,20,95.0,392160,X4: Foundations,19652,78.87,Action
1277600,X4: Split Vendetta Soundtrack,20,95.0,392160,X4: Foundations,19652,78.87,Action
1277600,X4: Split Vendetta Soundtrack,20,95.0,392160,X4: Foundations,19652,78.87,Action
568290,Detention - Original Soundtracks,86,87.21,555220,Detention,9816,95.8,Adventure
568290,Detention - Original Soundtracks,86,87.21,555220,Detention,9816,95.8,Adventure
971600,Epic Battle Fantasy 5 - Soundtrack,49,100.0,432350,Epic Battle Fantasy 5,5085,98.68,Adventure
971600,Epic Battle Fantasy 5 - Soundtrack,49,100.0,432350,Epic Battle Fantasy 5,5085,98.68,Adventure
1232520,Wish Original Soundtrack,84,98.81,1207780,Wish,3109,89.61,Action
1232520,Wish Original Soundtrack,84,98.81,1207780,Wish,3109,89.61,Unknown
920567,Resident Evil 2 - Original Ver. Soundtrack Swap,303,88.12,883710,Resident Evil 2,117324,96.99,Action
1646370,PICO PARK Soundtrack,25,68.0,1509960,PICO PARK,22508,91.52,Action
584141,Hearts of Iron IV: Sabaton Soundtrack Vol. 2,249,77.91,394360,Hearts of Iron IV,235352,91.63,Simulation
584141,Hearts of Iron IV: Sabaton Soundtrack Vol. 2,249,77.91,394360,Hearts of Iron IV,235352,91.63,Simulation
584141,Hearts of Iron IV: Sabaton Soundtrack Vol. 2,249,77.91,394360,Hearts of Iron IV,235352,91.63,Simulation
497690,Furi Soundtrack,52,100.0,423230,Furi,9557,91.63,Action
1395720,Spiritfarer Soundtrack,45,95.56,972660,Spiritfarer®: Farewell Edition,40439,95.23,Adventure
1395720,Spiritfarer Soundtrack,45,95.56,972660,Spiritfarer®: Farewell Edition,40439,95.23,Adventure
1752910,Inscryption Soundtrack,74,89.19,1092790,Inscryption,119694,96.91,Adventure
1977260,DEVOUR: Soundtrack,127,62.2,1274570,DEVOUR,63835,91.5,Indie
1977260,DEVOUR: Soundtrack,127,62.2,1274570,DEVOUR,63835,91.5,Indie
2407750,OTXO Soundtrack,29,100.0,1608640,OTXO,2807,94.01,Action
1332420,Wingspan Soundtrack,26,96.15,1054490,Wingspan,8400,94.87,Indie
2610780,SANABI Soundtrack,116,99.14,1562700,SANABI,33029,97.35,Action
2015890,Cult of the Lamb Soundtrack,102,94.12,1313140,Cult of the Lamb,88597,95.53,Action
2015890,Cult of the Lamb Soundtrack,102,94.12,1313140,Cult of the Lamb,88597,95.53,Action
583810,Resident Evil 7 biohazard Original Soundtrack,59,93.22,418370,Resident Evil 7 Biohazard,65580,95.28,Action
583810,Resident Evil 7 biohazard Original Soundtrack,59,93.22,418370,Resident Evil 7 Biohazard,65580,95.28,Action
1229350,The Witcher 2: Assassins of Kings Enhanced Edition Soundtrack,21,90.48,20920,The Witcher 2: Assassins of Kings Enhanced Edition,76309,89.89,RPG
1229350,The Witcher 2: Assassins of Kings Enhanced Edition Soundtrack,21,90.48,20920,The Witcher 2: Assassins of Kings Enhanced Edition,76309,89.89,RPG
1286760,Outer Wilds - Original Soundtrack,178,98.88,753640,Outer Wilds,70021,95.57,Action
295510,Narcissu Soundtrack,58,98.28,264380,Narcissu 1st & 2nd,51,94.12,Indie
1206330,Florence - Original Soundtrack,125,96.8,1102130,Florence,12735,93.28,Adventure
2140250,Kena: Bridge of Spirits (Original Soundtrack),41,85.37,1954200,Kena: Bridge of Spirits,14373,92.01,Action
577020,"Planes, Bullets and Vodka: Soundtrack",67,94.03,562360,"Planes, Bullets and Vodka",1793,84.94,Action
577020,"Planes, Bullets and Vodka: Soundtrack",67,94.03,562360,"Planes, Bullets and Vodka",1793,84.94,Action
577020,"Planes, Bullets and Vodka: Soundtrack",67,94.03,562360,"Planes, Bullets and Vodka",1793,84.94,Action
1041000,Hypnospace Outlaw (Original Soundtrack),28,96.43,844590,Hypnospace Outlaw,4083,96.87,Simulation
1041000,Hypnospace Outlaw (Original Soundtrack),28,96.43,844590,Hypnospace Outlaw,4083,96.87,Simulation
1041000,Hypnospace Outlaw (Original Soundtrack),28,96.43,844590,Hypnospace Outlaw,4083,96.87,Simulation
315960,Plague Inc: Evolved - Soundtrack,281,78.65,246620,Plague Inc: Evolved,49097,94.53,Casual
1842620,Trepang2 - Soundtrack,38,94.74,1164940,Trepang2,11266,93.92,Action
1842620,Trepang2 - Soundtrack,38,94.74,1164940,Trepang2,11266,93.92,Action
1446360,Age of Empires III: Definitive Edition Soundtrack,40,85.0,933110,Age of Empires III: Definitive Edition,34654,83.92,Free To Play
1244560,Outward Soundtrack,28,92.86,794260,Outward Definitive Edition,22156,73.19,RPG
1244560,Outward Soundtrack,28,92.86,794260,Outward Definitive Edition,22156,73.19,RPG
2086160,Stray - Original Soundtrack,104,98.08,1332010,Stray,138769,97.27,Adventure
1236890,Risk of Rain 2 Soundtrack,183,97.27,632360,Risk of Rain 2,210181,93.43,Action
1236890,Risk of Rain 2 Soundtrack,183,97.27,632360,Risk of Rain 2,210181,93.43,Action
1236890,Risk of Rain 2 Soundtrack,183,97.27,632360,Risk of Rain 2,210181,93.43,Action
1236890,Risk of Rain 2 Soundtrack,183,97.27,632360,Risk of Rain 2,210181,93.43,Action
1315140,DJMAX RESPECT V - Clazziquai Edition Original Soundtrack(REMASTERED),27,48.15,960170,DJMAX RESPECT V,24810,89.61,Action
1315140,DJMAX RESPECT V - Clazziquai Edition Original Soundtrack(REMASTERED),27,48.15,960170,DJMAX RESPECT V,24810,89.61,Action
1315140,DJMAX RESPECT V - Clazziquai Edition Original Soundtrack(REMASTERED),27,48.15,960170,DJMAX RESPECT V,24810,89.61,Action
1315140,DJMAX RESPECT V - Clazziquai Edition Original Soundtrack(REMASTERED),27,48.15,960170,DJMAX RESPECT V,24810,89.61,Unknown
1315140,DJMAX RESPECT V - Clazziquai Edition Original Soundtrack(REMASTERED),27,48.15,960170,DJMAX RESPECT V,24810,89.61,Action
1315140,DJMAX RESPECT V - Clazziquai Edition Original Soundtrack(REMASTERED),27,48.15,960170,DJMAX RESPECT V,24810,89.61,Action
1315140,DJMAX RESPECT V - Clazziquai Edition Original Soundtrack(REMASTERED),27,48.15,960170,DJMAX RESPECT V,24810,89.61,Action
1315140,DJMAX RESPECT V - Clazziquai Edition Original Soundtrack(REMASTERED),27,48.15,960170,DJMAX RESPECT V,24810,89.61,Action
2250640,Pizza Tower Soundtrack,295,95.59,2231450,Pizza Tower,60248,98.45,Action
2250640,Pizza Tower Soundtrack,295,95.59,2231450,Pizza Tower,60248,98.45,Action
990430,RimWorld Soundtrack,60,95.0,294100,RimWorld,176846,97.96,Indie
990430,RimWorld Soundtrack,60,95.0,294100,RimWorld,176846,97.96,Indie
990430,RimWorld Soundtrack,60,95.0,294100,RimWorld,176846,97.96,Indie
990430,RimWorld Soundtrack,60,95.0,294100,RimWorld,176846,97.96,Indie
1016080,Imperator: Rome - Complete Soundtrack,82,53.66,859580,Imperator: Rome,18938,64.85,Simulation
1016080,Imperator: Rome - Complete Soundtrack,82,53.66,859580,Imperator: Rome,18938,64.85,Simulation
916190,CrossCode Soundtrack,33,78.79,368340,CrossCode,14824,92.81,Action
1049900,Workers & Resources: Soviet Republic - Soundtrack,95,87.37,784150,Workers & Resources: Soviet Republic,19617,91.96,Simulation
1049900,Workers & Resources: Soviet Republic - Soundtrack,95,87.37,784150,Workers & Resources: Soviet Republic,19617,91.96,Simulation
1049900,Workers & Resources: Soviet Republic - Soundtrack,95,87.37,784150,Workers & Resources: Soviet Republic,19617,91.96,Simulation
2250640,Pizza Tower Soundtrack,295,95.59,2231450,Pizza Tower,60248,98.45,Action
2250640,Pizza Tower Soundtrack,295,95.59,2231450,Pizza Tower,60248,98.45,Action
1239060,Kara no Shojo Soundtrack,27,100.0,965810,Kara no Shojo,370,91.35,Adventure
1239060,Kara no Shojo Soundtrack,27,100.0,965810,Kara no Shojo,370,91.35,Adventure
1977260,DEVOUR: Soundtrack,127,62.2,1274570,DEVOUR,63835,91.5,Indie
1977260,DEVOUR: Soundtrack,127,62.2,1274570,DEVOUR,63835,91.5,Indie
1247140,"War Thunder: Ground Forces, Vol.1 (Original Game Soundtrack)",20,75.0,236390,War Thunder,1770,71.69,Action
1247140,"War Thunder: Ground Forces, Vol.1 (Original Game Soundtrack)",20,75.0,236390,War Thunder,1770,71.69,Action
1247140,"War Thunder: Ground Forces, Vol.1 (Original Game Soundtrack)",20,75.0,236390,War Thunder,1770,71.69,Action
1247140,"War Thunder: Ground Forces, Vol.1 (Original Game Soundtrack)",20,75.0,236390,War Thunder,1770,71.69,Action
1790460,Unpacking (Original Soundtrack),38,34.21,1135690,Unpacking,29988,93.27,Casual
2721510,7 Days to Die - Soundtrack,78,92.31,251570,7 Days to Die,251698,88.93,アクション
1229040,Who's Your Daddy Classic Soundtrack (2015),49,63.27,427730,Who's Your Daddy?!,24383,80.86,Action
1229040,Who's Your Daddy Classic Soundtrack (2015),49,63.27,427730,Who's Your Daddy?!,24383,80.86,Unknown
1229040,Who's Your Daddy Classic Soundtrack (2015),49,63.27,427730,Who's Your Daddy?!,24383,80.86,Action
1229040,Who's Your Daddy Classic Soundtrack (2015),49,63.27,427730,Who's Your Daddy?!,24383,80.86,Action
2365170,q.u.q. Soundtrack,23,95.65,2302140,q.u.q.,1243,95.41,Indie
2365170,q.u.q. Soundtrack,23,95.65,2302140,q.u.q.,1243,95.41,Indie
2288980,X4: Kingdom End Soundtrack,26,96.15,392160,X4: Foundations,19652,78.87,Action
2288980,X4: Kingdom End Soundtrack,26,96.15,392160,X4: Foundations,19652,78.87,Action
2288980,X4: Kingdom End Soundtrack,26,96.15,392160,X4: Foundations,19652,78.87,Action
2272740,Beasts of Bermuda Soundtrack,24,95.83,719890,Beasts of Bermuda,7446,71.43,Adventure
2272740,Beasts of Bermuda Soundtrack,24,95.83,719890,Beasts of Bermuda,7446,71.43,Adventure
2272740,Beasts of Bermuda Soundtrack,24,95.83,719890,Beasts of Bermuda,7446,71.43,Adventure
2272740,Beasts of Bermuda Soundtrack,24,95.83,719890,Beasts of Bermuda,7446,71.43,Adventure
765430,Dungreed - Soundtrack,34,100.0,753420,Dungreed,8639,93.26,Action
1202460,Sayonara Wild Hearts - Original Soundtrack,38,89.47,1122720,Sayonara Wild Hearts,7504,96.82,Action
1202460,Sayonara Wild Hearts - Original Soundtrack,38,89.47,1122720,Sayonara Wild Hearts,7504,96.82,Action
513800,POSTAL Redux - Official Soundtrack,167,97.6,401680,POSTAL Redux,5415,92.11,Action
310660,No More Room in Hell - Original Soundtrack Volume 1,76,97.37,224260,No More Room in Hell,714,83.75,Action
455370,Samorost 3 Soundtrack + Art Book,39,97.44,421120,Samorost 3,3853,93.77,Adventure
571010,ASTRONEER (Original Soundtrack),109,85.32,361420,ASTRONEER,109875,92.24,Adventure
571010,ASTRONEER (Original Soundtrack),109,85.32,361420,ASTRONEER,109875,92.24,Adventure
1238761,DJMAX RESPECT V - V Original Soundtrack,39,76.92,960170,DJMAX RESPECT V,24810,89.61,Action
1238761,DJMAX RESPECT V - V Original Soundtrack,39,76.92,960170,DJMAX RESPECT V,24810,89.61,Action
1238761,DJMAX RESPECT V - V Original Soundtrack,39,76.92,960170,DJMAX RESPECT V,24810,89.61,Action
1238761,DJMAX RESPECT V - V Original Soundtrack,39,76.92,960170,DJMAX RESPECT V,24810,89.61,Unknown
1238761,DJMAX RESPECT V - V Original Soundtrack,39,76.92,960170,DJMAX RESPECT V,24810,89.61,Action
1238761,DJMAX RESPECT V - V Original Soundtrack,39,76.92,960170,DJMAX RESPECT V,24810,89.61,Action
1238761,DJMAX RESPECT V - V Original Soundtrack,39,76.92,960170,DJMAX RESPECT V,24810,89.61,Action
1238761,DJMAX RESPECT V - V Original Soundtrack,39,76.92,960170,DJMAX RESPECT V,24810,89.61,Action
1229350,The Witcher 2: Assassins of Kings Enhanced Edition Soundtrack,21,90.48,20920,The Witcher 2: Assassins of Kings Enhanced Edition,76309,89.89,RPG
1229350,The Witcher 2: Assassins of Kings Enhanced Edition Soundtrack,21,90.48,20920,The Witcher 2: Assassins of Kings Enhanced Edition,76309,89.89,RPG
1173140,Disco Elysium - Soundtrack & Artbook,137,90.51,632470,Disco Elysium - The Final Cut,100764,93.15,RPG
1173140,Disco Elysium - Soundtrack & Artbook,137,90.51,632470,Disco Elysium - The Final Cut,100764,93.15,RPG
1173140,Disco Elysium - Soundtrack & Artbook,137,90.51,632470,Disco Elysium - The Final Cut,100764,93.15,RPG
1173140,Disco Elysium - Soundtrack & Artbook,137,90.51,632470,Disco Elysium - The Final Cut,100764,93.15,RPG
316560,Freedom Planet - Official Soundtrack,56,96.43,248310,Freedom Planet,3171,96.09,Action
1951320,Midnight Ghost Hunt Soundtrack,27,96.3,915810,Midnight Ghost Hunt,5336,80.66,Action
1400490,Roboquest Soundtrack,34,100.0,692890,Roboquest,16600,95.48,Action
756070,Bomber Crew Official Soundtrack,34,76.47,537800,Bomber Crew,9730,89.02,Simulation
314680,Crypt of the Necrodancer Soundtrack,76,98.68,247080,Crypt of the NecroDancer,22249,95.72,Action
1234950,Hunt: Showdown 1896 - Soundtrack,218,69.27,594650,Hunt: Showdown 1896,191892,73.91,Action
1234950,Hunt: Showdown 1896 - Soundtrack,218,69.27,594650,Hunt: Showdown 1896,191892,73.91,Action
769090,Crimson Imprint Plus - Original Soundtrack,33,100.0,740260,Crimson Imprint plus -Nonexistent Christmas-,1933,94.0,Adventure
545170,Razortron 2000: Soundtrack,39,94.87,539720,Razortron 2000,1836,85.46,Casual
545170,Razortron 2000: Soundtrack,39,94.87,539720,Razortron 2000,1836,85.46,Casual
1050460,Devil May Cry 5 Original Soundtrack,72,100.0,601150,Devil May Cry 5,98104,96.19,Action
1050460,Devil May Cry 5 Original Soundtrack,72,100.0,601150,Devil May Cry 5,98104,96.19,Action
1050460,Devil May Cry 5 Original Soundtrack,72,100.0,601150,Devil May Cry 5,98104,96.19,Action
2072990,Cuphead DLC - Official Soundtrack,39,92.31,268910,Cuphead,163981,96.44,Action
2282210,Rain World: Downpour - Soundtrack,36,94.44,312520,Rain World,33757,94.69,Action
2282210,Rain World: Downpour - Soundtrack,36,94.44,312520,Rain World,33757,94.69,Action
2282210,Rain World: Downpour - Soundtrack,36,94.44,312520,Rain World,33757,94.69,Action
2282210,Rain World: Downpour - Soundtrack,36,94.44,312520,Rain World,33757,94.69,Action
2282210,Rain World: Downpour - Soundtrack,36,94.44,312520,Rain World,33757,94.69,Unknown
1319750,Monster Train Soundtrack,21,85.71,1102190,Monster Train,18884,96.1,Strategy
431490,Soundtrack and Artbook DLC,35,97.14,394310,Punch Club,11276,82.14,Indie
1142470,Touhou Luna Nights - Original Soundtrack,49,87.76,851100,Touhou Luna Nights,12871,97.6,Action
1142470,Touhou Luna Nights - Original Soundtrack,49,87.76,851100,Touhou Luna Nights,12871,97.6,Action
1905390,Survivors of the Void Soundtrack,58,98.28,632360,Risk of Rain 2,210181,93.43,Action
1905390,Survivors of the Void Soundtrack,58,98.28,632360,Risk of Rain 2,210181,93.43,Action
1905390,Survivors of the Void Soundtrack,58,98.28,632360,Risk of Rain 2,210181,93.43,Action
1905390,Survivors of the Void Soundtrack,58,98.28,632360,Risk of Rain 2,210181,93.43,Action
1207610,WolfQuest Original Soundtrack,41,95.12,926990,WolfQuest: Anniversary Edition,8635,97.87,Action
1207610,WolfQuest Original Soundtrack,41,95.12,926990,WolfQuest: Anniversary Edition,8635,97.87,Action
459280,Baldur's Gate: Enhanced Edition Official Soundtrack,32,87.5,228280,Baldur's Gate: Enhanced Edition,13985,92.32,Adventure
494420,Valley - Soundtrack,24,100.0,378610,Valley,6175,91.35,Action
1195480,DOOM Soundtrack,156,82.69,379720,DOOM,140643,95.62,Action
1195480,DOOM Soundtrack,156,82.69,379720,DOOM,140643,95.62,Action
1247760,Caves of Qud Soundtrack,48,100.0,333640,Caves of Qud,9635,95.16,Adventure
610070,Rain World - Soundtrack,56,83.93,312520,Rain World,33757,94.69,Action
610070,Rain World - Soundtrack,56,83.93,312520,Rain World,33757,94.69,Action
610070,Rain World - Soundtrack,56,83.93,312520,Rain World,33757,94.69,Action
610070,Rain World - Soundtrack,56,83.93,312520,Rain World,33757,94.69,Action
610070,Rain World - Soundtrack,56,83.93,312520,Rain World,33757,94.69,Unknown
2771140,苍翼：混沌效应 Soundtrack - A,36,100.0,2273430,BlazBlue Entropy Effect,25229,94.92,Action
2771140,苍翼：混沌效应 Soundtrack - A,36,100.0,2273430,BlazBlue Entropy Effect,25229,94.92,Action
610220,Night in the Woods - Soundtrack Vol. I,29,93.1,481510,Night in the Woods,16073,94.67,Adventure
610220,Night in the Woods - Soundtrack Vol. I,29,93.1,481510,Night in the Woods,16073,94.67,Adventure
1231980,Coffee Talk - Soundtrack OST,30,96.67,914800,Coffee Talk,10041,94.94,Adventure
1231980,Coffee Talk - Soundtrack OST,30,96.67,914800,Coffee Talk,10041,94.94,Adventure
2015890,Cult of the Lamb Soundtrack,102,94.12,1313140,Cult of the Lamb,88598,95.53,Action
2015890,Cult of the Lamb Soundtrack,102,94.12,1313140,Cult of the Lamb,88598,95.53,Action
1540870,Cruelty Squad Soundtrack,94,92.55,1388770,Cruelty Squad,19197,96.98,Action
997360,Super Animal Royale Soundtrack,44,97.73,843380,Super Animal Royale,6488,94.99,Action
1233220,Disco Elysium Soundtrack,59,96.61,632470,Disco Elysium - The Final Cut,100764,93.15,RPG
1233220,Disco Elysium Soundtrack,59,96.61,632470,Disco Elysium - The Final Cut,100764,93.15,RPG
1233220,Disco Elysium Soundtrack,59,96.61,632470,Disco Elysium - The Final Cut,100764,93.15,RPG
1233220,Disco Elysium Soundtrack,59,96.61,632470,Disco Elysium - The Final Cut,100764,93.15,RPG
1377100,CARRION Soundtrack,20,85.0,953490,CARRION,25103,94.62,Action
991870,Lethal League Blaze - Soundtrack,21,95.24,553310,Lethal League Blaze,4577,97.12,Unknown
298680,DreadOut Soundtrack & Manga DLC,55,92.73,269790,DreadOut,4260,77.28,Unknown
1229050,Who's Your Daddy?! Official Soundtrack (2024),20,45.0,427730,Who's Your Daddy?!,24383,80.86,Action
1229050,Who's Your Daddy?! Official Soundtrack (2024),20,45.0,427730,Who's Your Daddy?!,24383,80.86,Unknown
1229050,Who's Your Daddy?! Official Soundtrack (2024),20,45.0,427730,Who's Your Daddy?!,24383,80.86,Action
1229050,Who's Your Daddy?! Official Soundtrack (2024),20,45.0,427730,Who's Your Daddy?!,24383,80.86,Action
1999270,V Rising Soundtrack,29,96.55,1604030,V Rising,95287,89.18,Unknown
1999270,V Rising Soundtrack,29,96.55,1604030,V Rising,95287,89.18,Unknown
1968750,Songs of Conquest - Original Soundtrack,25,100.0,867210,Songs of Conquest,10286,86.47,Adventure
1968750,Songs of Conquest - Original Soundtrack,25,100.0,867210,Songs of Conquest,10286,86.47,Unknown
451030,Defy Gravity - Soundtrack,49,87.76,96100,Defy Gravity Extended,6791,86.01,Unknown
1258740,Ori and the Will of the Wisps Soundtrack,204,96.57,1057090,Ori and the Will of the Wisps,126582,96.59,Action
1258740,Ori and the Will of the Wisps Soundtrack,204,96.57,1057090,Ori and the Will of the Wisps,126582,96.59,Action
1279740,Desperados III Soundtrack,24,75.0,610370,Desperados III,10020,96.79,Unknown
2815510,Enshrouded Original Soundtrack,20,95.0,1203620,Enshrouded,67631,86.69,Unknown
877620,Slay the Spire - Soundtrack,83,55.42,646570,Slay the Spire,156385,97.82,Indie
431620,Rabi-Ribi - Original Soundtrack,131,99.24,400910,Rabi-Ribi,10383,95.64,Unknown
431620,Rabi-Ribi - Original Soundtrack,131,99.24,400910,Rabi-Ribi,10383,95.64,Action
431620,Rabi-Ribi - Original Soundtrack,131,99.24,400910,Rabi-Ribi,10383,95.64,Action
1330380,Othercide - Soundtrack,26,100.0,798490,Othercide,4075,83.31,Unknown
2153470,Little Witch Nobeta Original Soundtrack,20,90.0,1049890,Little Witch Nobeta,9123,84.25,Unknown
1284900,TROUBLESHOOTER: Abandoned Children - Soundtrack,103,99.03,470310,TROUBLESHOOTER: Abandoned Children,8760,94.11,Unknown
1284900,TROUBLESHOOTER: Abandoned Children - Soundtrack,103,99.03,470310,TROUBLESHOOTER: Abandoned Children,8760,94.11,Casual
1284900,TROUBLESHOOTER: Abandoned Children - Soundtrack,103,99.03,470310,TROUBLESHOOTER: Abandoned Children,8760,94.11,Casual
1867890,Sword and Fairy 7 Soundtrack,43,90.7,1543030,Sword and Fairy 7,14860,72.44,Unknown
1867890,Sword and Fairy 7 Soundtrack,43,90.7,1543030,Sword and Fairy 7,14860,72.44,Action
1247270,Divinity: Original Sin 2 Soundtrack,68,95.59,435150,Divinity: Original Sin 2 - Definitive Edition,165569,95.72,Unknown
1247270,Divinity: Original Sin 2 Soundtrack,68,95.59,435150,Divinity: Original Sin 2 - Definitive Edition,165569,95.72,Adventure
599050,Syrian Warfare - original soundtrack,56,96.43,485980,Syrian Warfare,4903,86.95,Indie
599050,Syrian Warfare - original soundtrack,56,96.43,485980,Syrian Warfare,4903,86.95,Unknown
1252080,"Yes, Your Grace Soundtrack",21,85.71,1115690,"Yes, Your Grace",9986,87.29,Adventure
1252080,"Yes, Your Grace Soundtrack",21,85.71,1115690,"Yes, Your Grace",9986,87.29,Adventure
1393790,Dead Cells: Demake Soundtrack,26,92.31,588650,Dead Cells,142404,97.09,Action
1393790,Dead Cells: Demake Soundtrack,26,92.31,588650,Dead Cells,142404,97.09,Action
1232520,Wish Original Soundtrack,84,98.81,1207780,Wish,3109,89.61,Action
1232520,Wish Original Soundtrack,84,98.81,1207780,Wish,3109,89.61,Unknown
1701120,Behind the Frame: The Finest Scenery - Soundtrack,22,95.45,1634150,Behind the Frame: The Finest Scenery,4542,95.09,Unknown
1701120,Behind the Frame: The Finest Scenery - Soundtrack,22,95.45,1634150,Behind the Frame: The Finest Scenery,4542,95.09,Unknown
2194280,FAITH - Official Soundtrack,28,100.0,1179080,FAITH: The Unholy Trinity,6608,95.63,Unknown
2194280,FAITH - Official Soundtrack,28,100.0,1179080,FAITH: The Unholy Trinity,6608,95.63,Adventure
2165980,LAB JAMS - BONELAB Soundtrack,28,96.43,1592190,BONELAB,14939,79.26,Unknown
445890,Plantera - Original Soundtrack,32,100.0,421040,Plantera,4387,88.65,Unknown
2714810,The Arrogant Kaiju Princess and The Detective Servant Soundtrack,48,87.5,2291680,The Arrogant Kaiju Princess and The Detective Servant,2957,97.33,Unknown
1224940,Tropico 6 - Original Soundtrack,21,71.43,492720,Tropico 6,18148,87.73,Unknown
1224940,Tropico 6 - Original Soundtrack,21,71.43,492720,Tropico 6,18148,87.73,Simulation
490260,Highway Blossoms - Soundtrack,27,100.0,451760,Highway Blossoms,1867,95.13,Unknown
1079460,Descenders Soundtrack,40,80.0,681280,Descenders,15467,95.27,Action
1079460,Descenders Soundtrack,40,80.0,681280,Descenders,15467,95.27,Action
1079460,Descenders Soundtrack,40,80.0,681280,Descenders,15467,95.27,Action
3588290,Rain World: The Watcher - Soundtrack,21,71.43,312520,Rain World,33757,94.69,Action
3588290,Rain World: The Watcher - Soundtrack,21,71.43,312520,Rain World,33757,94.69,Action
3588290,Rain World: The Watcher - Soundtrack,21,71.43,312520,Rain World,33757,94.69,Action
3588290,Rain World: The Watcher - Soundtrack,21,71.43,312520,Rain World,33757,94.69,Action
3588290,Rain World: The Watcher - Soundtrack,21,71.43,312520,Rain World,33757,94.69,Unknown
966350,Frostpunk Original Soundtrack,230,94.35,323190,Frostpunk,101788,92.51,Simulation
966350,Frostpunk Original Soundtrack,230,94.35,323190,Frostpunk,101788,92.51,Unknown
3514130,NieR:Automata Original Soundtrack,22,86.36,524220,NieR:Automata™,103332,88.1,Action
3514130,NieR:Automata Original Soundtrack,22,86.36,524220,NieR:Automata™,103332,88.1,Unknown
967400,GRIP: Combat Racing - Official Soundtrack,20,90.0,396900,GRIP: Combat Racing,3358,86.84,Action
967400,GRIP: Combat Racing - Official Soundtrack,20,90.0,396900,GRIP: Combat Racing,3358,86.84,Unknown
1092840,Celeste Original Soundtrack,258,93.02,504230,Celeste,106927,97.51,Action
1092840,Celeste Original Soundtrack,258,93.02,504230,Celeste,106927,97.51,Action
1092840,Celeste Original Soundtrack,258,93.02,504230,Celeste,106927,97.51,Action
1101300,Bloodstained: Ritual of the Night - Soundtrack,110,91.82,692850,Bloodstained: Ritual of the Night,27955,93.97,Action
1101300,Bloodstained: Ritual of the Night - Soundtrack,110,91.82,692850,Bloodstained: Ritual of the Night,27955,93.97,Action
1101300,Bloodstained: Ritual of the Night - Soundtrack,110,91.82,692850,Bloodstained: Ritual of the Night,27955,93.97,Action
1568780,Return of the Obra Dinn - Soundtrack,29,96.55,653530,Return of the Obra Dinn,26281,96.79,Adventure
1701120,Behind the Frame: The Finest Scenery - Soundtrack,22,95.45,1634150,Behind the Frame: The Finest Scenery,4542,95.09,Unknown
1701120,Behind the Frame: The Finest Scenery - Soundtrack,22,95.45,1634150,Behind the Frame: The Finest Scenery,4542,95.09,Unknown
1999270,V Rising Soundtrack,29,96.55,1604030,V Rising,95287,89.18,Unknown
1999270,V Rising Soundtrack,29,96.55,1604030,V Rising,95287,89.18,Unknown
1468310,Haven Soundtrack,35,97.14,983970,Haven,4293,90.57,Unknown
2999160,SONIC X SHADOW GENERATIONS: Art Book with Mini Soundtrack,74,22.97,2513280,SONIC X SHADOW GENERATIONS,9566,97.39,Unknown
1075710,Katana ZERO Soundtrack,93,97.85,460950,Katana ZERO,61984,98.1,Action
1075710,Katana ZERO Soundtrack,93,97.85,460950,Katana ZERO,61984,98.1,Unknown
1075710,Katana ZERO Soundtrack,93,97.85,460950,Katana ZERO,61984,98.1,Unknown
2259020,Cassette Beasts: Original Soundtrack,55,98.18,1321440,Cassette Beasts,7540,95.36,Indie
2259020,Cassette Beasts: Original Soundtrack,55,98.18,1321440,Cassette Beasts,7540,95.36,Indie
931370,Donut County - Original Soundtrack,20,95.0,702670,Donut County,9493,91.59,Unknown
1075710,Katana ZERO Soundtrack,93,97.85,460950,Katana ZERO,61984,98.1,Action
1075710,Katana ZERO Soundtrack,93,97.85,460950,Katana ZERO,61984,98.1,Unknown
1075710,Katana ZERO Soundtrack,93,97.85,460950,Katana ZERO,61984,98.1,Unknown
3564980,Touhou Hero of Ice Fairy - Rose Idol Soundtrack (feat. 本墨置子),59,100.0,1955830,Touhou Hero of Ice Fairy,5880,97.47,Unknown
553670,Beholder - Original Soundtrack,151,96.69,475550,Beholder,19947,91.92,Unknown
553670,Beholder - Original Soundtrack,151,96.69,475550,Beholder,19947,91.92,Adventure
440820,Stardew Valley Soundtrack,458,96.07,413150,Stardew Valley,750258,98.48,Unknown
2109307,Resident Evil 4 'Original Ver.' Soundtrack Swap,136,88.24,2050650,Resident Evil 4,115683,97.63,Action
2232370,Dwarf Fortress Soundtrack,49,97.96,975370,Dwarf Fortress,26439,95.04,Indie
2232370,Dwarf Fortress Soundtrack,49,97.96,975370,Dwarf Fortress,26439,95.04,Indie
1207000,Slime Rancher - Original Soundtrack II,26,92.31,433340,Slime Rancher,121388,97.97,Unknown
1207000,Slime Rancher - Original Soundtrack II,26,92.31,433340,Slime Rancher,121388,97.97,Action
2164530,DJMAX RESPECT V - V EXTENSION III Original Soundtrack,21,95.24,960170,DJMAX RESPECT V,24810,89.61,Action
2164530,DJMAX RESPECT V - V EXTENSION III Original Soundtrack,21,95.24,960170,DJMAX RESPECT V,24810,89.61,Action
2164530,DJMAX RESPECT V - V EXTENSION III Original Soundtrack,21,95.24,960170,DJMAX RESPECT V,24810,89.61,Action
2164530,DJMAX RESPECT V - V EXTENSION III Original Soundtrack,21,95.24,960170,DJMAX RESPECT V,24810,89.61,Unknown
2164530,DJMAX RESPECT V - V EXTENSION III Original Soundtrack,21,95.24,960170,DJMAX RESPECT V,24810,89.61,Action
2164530,DJMAX RESPECT V - V EXTENSION III Original Soundtrack,21,95.24,960170,DJMAX RESPECT V,24810,89.61,Action
2164530,DJMAX RESPECT V - V EXTENSION III Original Soundtrack,21,95.24,960170,DJMAX RESPECT V,24810,89.61,Action
2164530,DJMAX RESPECT V - V EXTENSION III Original Soundtrack,21,95.24,960170,DJMAX RESPECT V,24810,89.61,Action
2399050,Pocket Mirror ~ GoldenerTraum Official Soundtrack,20,100.0,1899060,Pocket Mirror ~ GoldenerTraum,1195,93.22,Unknown
492740,Stellaris: Original Game Soundtrack,305,76.07,281990,Stellaris,125855,87.75,Unknown
268090,Starbound - Soundtrack,282,96.81,211820,Starbound,86285,90.68,Unknown
1754220,Severed Steel Soundtrack,34,100.0,1227690,Severed Steel,5796,95.57,Action
1049900,Workers & Resources: Soviet Republic - Soundtrack,95,87.37,784150,Workers & Resources: Soviet Republic,19617,91.96,Simulation
1049900,Workers & Resources: Soviet Republic - Soundtrack,95,87.37,784150,Workers & Resources: Soviet Republic,19617,91.96,Simulation
1049900,Workers & Resources: Soviet Republic - Soundtrack,95,87.37,784150,Workers & Resources: Soviet Republic,19617,91.96,Simulation
926800,Door Kickers: Action Squad - Soundtrack,27,100.0,686200,Door Kickers: Action Squad,8406,95.09,Action
450960,Out There Somewhere - Soundtrack,53,96.23,263980,Out There Somewhere,6151,92.85,Action
798430,Where The Water Tastes Like Wine - Original Soundtrack,27,96.3,447120,Where the Water Tastes Like Wine,1329,77.05,Adventure
459851,"Gremlins, Inc. – Original Soundtrack",26,100.0,369990,"Gremlins, Inc.",6265,85.41,Indie
2873550,Satisfactory Soundtrack,122,97.54,526870,Satisfactory,194482,97.23,Adventure
1263830,SpongeBob SquarePants: Battle for Bikini Bottom - Rehydrated Soundtrack,106,94.34,969990,SpongeBob SquarePants: Battle for Bikini Bottom - Rehydrated,13144,94.27,Action
1263830,SpongeBob SquarePants: Battle for Bikini Bottom - Rehydrated Soundtrack,106,94.34,969990,SpongeBob SquarePants: Battle for Bikini Bottom - Rehydrated,13144,94.27,Action
1496130,Elite Dangerous: Odyssey Official Soundtrack,58,79.31,359320,Elite Dangerous,75933,76.61,Action
2216070,"Warhammer 40,000: Darktide (Original Soundtrack)",73,84.93,1361210,"Warhammer 40,000: Darktide",89432,71.07,Action
2216070,"Warhammer 40,000: Darktide (Original Soundtrack)",73,84.93,1361210,"Warhammer 40,000: Darktide",89432,71.07,Action
2021310,The Stanley Parable: Ultra Deluxe Soundtrack,20,95.0,1703340,The Stanley Parable: Ultra Deluxe,28802,94.3,Adventure
2021310,The Stanley Parable: Ultra Deluxe Soundtrack,20,95.0,1703340,The Stanley Parable: Ultra Deluxe,28802,94.3,Adventure
601710,Little Nightmares - Original Soundtrack,67,91.04,424840,Little Nightmares,48014,94.79,Adventure
601710,Little Nightmares - Original Soundtrack,67,91.04,424840,Little Nightmares,48014,94.79,Adventure
1796880,The Legend of Tianding Soundtrack,22,95.45,1406850,The Legend of Tianding,2983,95.34,Action
1138490,Dicey Dungeons - Soundtrack,32,96.88,861540,Dicey Dungeons,9742,89.3,Indie
1138490,Dicey Dungeons - Soundtrack,32,96.88,861540,Dicey Dungeons,9742,89.3,Indie
2259020,Cassette Beasts: Original Soundtrack,55,98.18,1321440,Cassette Beasts,7539,95.36,Indie
2259020,Cassette Beasts: Original Soundtrack,55,98.18,1321440,Cassette Beasts,7539,95.36,Indie
465980,Ori and the Blind Forest (Original Soundtrack),138,97.83,387290,Ori and the Blind Forest: Definitive Edition,58475,95.14,Action
465980,Ori and the Blind Forest (Original Soundtrack),138,97.83,387290,Ori and the Blind Forest: Definitive Edition,58475,95.14,Action
428010,Pony Island - Soundtrack,60,100.0,405640,Pony Island,13858,95.24,Indie
2194280,FAITH - Official Soundtrack,28,100.0,1179080,FAITH: The Unholy Trinity,6608,95.63,Unknown
2194280,FAITH - Official Soundtrack,28,100.0,1179080,FAITH: The Unholy Trinity,6608,95.63,Adventure
1476780,Project Wingman Soundtrack,52,96.15,895870,Project Wingman,15691,94.11,Action
3424640,ENDER MAGNOLIA: Bloom in the Mist Soundtrack,34,100.0,2725260,ENDER MAGNOLIA: Bloom in the Mist,12125,95.73,Action
1913930,Nine Sols Soundtrack,56,98.21,1809540,Nine Sols,24311,95.22,Action
1913930,Nine Sols Soundtrack,56,98.21,1809540,Nine Sols,24311,95.22,Action
3637470,RuneScape: Dragonwilds Early Adopter Soundtrack,27,66.67,1374490,RuneScape: Dragonwilds,15989,84.69,Action
447410,Poly Bridge Soundtrack,66,90.91,367450,Poly Bridge,15796,91.68,Indie
1727830,OPUS: Echo of Starsong Original Soundtrack -Best Selection-,104,100.0,1504500,OPUS: Echo of Starsong - Full Bloom Edition,8074,96.47,Adventure
1727830,OPUS: Echo of Starsong Original Soundtrack -Best Selection-,104,100.0,1504500,OPUS: Echo of Starsong - Full Bloom Edition,8074,96.47,Adventure
1913930,Nine Sols Soundtrack,56,98.21,1809540,Nine Sols,24311,95.22,Action
1913930,Nine Sols Soundtrack,56,98.21,1809540,Nine Sols,24311,95.22,Action
2117950,Bloons TD 6 Soundtrack,74,89.19,960090,Bloons TD 6,311376,97.32,Strategy
451410,The Elder Scrolls III: Morrowind Soundtrack,33,78.79,22320,The Elder Scrolls III: Morrowind® Game of the Year Edition,20225,95.23,RPG
570930,Redout - Soundtrack,31,100.0,517710,Redout: Enhanced Edition,3352,84.96,Racing
570930,Redout - Soundtrack,31,100.0,517710,Redout: Enhanced Edition,3352,84.96,Racing
598190,Hollow Knight - Official Soundtrack,493,97.16,367520,Hollow Knight,366939,97.1,Action
598190,Hollow Knight - Official Soundtrack,493,97.16,367520,Hollow Knight,366939,97.1,Action
3404450,MiSide Soundtrack,440,94.55,2527500,MiSide,95515,98.07,Adventure
1236640,"Warhammer 40,000: Mechanicus - Complete Original Soundtrack",52,100.0,673880,"Warhammer 40,000: Mechanicus",10247,92.2,Strategy
1236640,"Warhammer 40,000: Mechanicus - Complete Original Soundtrack",52,100.0,673880,"Warhammer 40,000: Mechanicus",10247,92.2,Strategy
609440,"Peace, Death! - Soundtrack",30,100.0,588690,"Peace, Death!",2157,93.74,Casual
609440,"Peace, Death! - Soundtrack",30,100.0,588690,"Peace, Death!",2157,93.74,Casual
1796160,Bunny eShop Soundtrack,41,100.0,1111460,小白兔电商~Bunny e-Shop,9104,94.06,Adventure
2914900,RimWorld - Anomaly Soundtrack,28,96.43,294100,RimWorld,176847,97.96,Indie
2914900,RimWorld - Anomaly Soundtrack,28,96.43,294100,RimWorld,176847,97.96,Indie
2914900,RimWorld - Anomaly Soundtrack,28,96.43,294100,RimWorld,176847,97.96,Indie
2914900,RimWorld - Anomaly Soundtrack,28,96.43,294100,RimWorld,176847,97.96,Indie
1741240,Ghostrunner Soundtrack,37,70.27,1139900,Ghostrunner,44300,91.89,Action
550210,Layers of Fear - Soundtrack (2016),30,86.67,391720,Layers of Fear (2016),12233,90.1,Adventure
550210,Layers of Fear - Soundtrack (2016),30,86.67,391720,Layers of Fear (2016),12233,90.1,Adventure
782310,Glass Masquerade Soundtrack,36,97.22,511470,Glass Masquerade,5196,96.96,Casual
938721,Visage — Original Digital Soundtrack,21,66.67,594330,Visage,7796,86.43,Action
1257570,Two Point Hospital Soundtrack,20,95.0,535930,Two Point Hospital,25137,92.6,Indie
1257570,Two Point Hospital Soundtrack,20,95.0,535930,Two Point Hospital,25137,92.6,Indie
1263830,SpongeBob SquarePants: Battle for Bikini Bottom - Rehydrated Soundtrack,106,94.34,969990,SpongeBob SquarePants: Battle for Bikini Bottom - Rehydrated,13144,94.27,Action
1263830,SpongeBob SquarePants: Battle for Bikini Bottom - Rehydrated Soundtrack,106,94.34,969990,SpongeBob SquarePants: Battle for Bikini Bottom - Rehydrated,13144,94.27,Action
1658570,ENDER LILIES Soundtrack,173,98.84,1369630,ENDER LILIES: Quietus of the Knights,36751,94.04,Action
1856390,TROUBLESHOOTER: Abandoned Children - White Lion and Black Witch - Soundtrack,37,100.0,470310,TROUBLESHOOTER: Abandoned Children,8760,94.11,Unknown
1856390,TROUBLESHOOTER: Abandoned Children - White Lion and Black Witch - Soundtrack,37,100.0,470310,TROUBLESHOOTER: Abandoned Children,8760,94.11,Casual
1856390,TROUBLESHOOTER: Abandoned Children - White Lion and Black Witch - Soundtrack,37,100.0,470310,TROUBLESHOOTER: Abandoned Children,8760,94.11,Casual
1207000,Slime Rancher - Original Soundtrack II,26,92.31,433340,Slime Rancher,121388,97.97,Unknown
1207000,Slime Rancher - Original Soundtrack II,26,92.31,433340,Slime Rancher,121388,97.97,Action
1195480,DOOM Soundtrack,156,82.69,379720,DOOM,140643,95.62,Action
1195480,DOOM Soundtrack,156,82.69,379720,DOOM,140643,95.62,Action
1250890,Grim Dawn Soundtrack,24,100.0,219990,Grim Dawn,83524,93.69,Action
1250890,Grim Dawn Soundtrack,24,100.0,219990,Grim Dawn,83524,93.69,Action
1279950,Ostriv Soundtrack,21,100.0,773790,Ostriv,5841,94.88,Indie
1224940,Tropico 6 - Original Soundtrack,21,71.43,492720,Tropico 6,18148,87.73,Unknown
1224940,Tropico 6 - Original Soundtrack,21,71.43,492720,Tropico 6,18148,87.73,Simulation
1049900,Workers & Resources: Soviet Republic - Soundtrack,95,87.37,784150,Workers & Resources: Soviet Republic,19617,91.96,Simulation
1049900,Workers & Resources: Soviet Republic - Soundtrack,95,87.37,784150,Workers & Resources: Soviet Republic,19617,91.96,Simulation
1049900,Workers & Resources: Soviet Republic - Soundtrack,95,87.37,784150,Workers & Resources: Soviet Republic,19617,91.96,Simulation
1260680,Hentai Furry Soundtrack,54,79.63,1260390,Hentai Furry,1012,83.5,Casual
1260680,Hentai Furry Soundtrack,54,79.63,1260390,Hentai Furry,1012,83.5,Casual
1397370,RuneScape: Original Soundtrack Classics,22,77.27,1343370,Old School RuneScape,45,62.22,Adventure
1397370,RuneScape: Original Soundtrack Classics,22,77.27,1343370,Old School RuneScape,45,62.22,Adventure
477881,Yomawari: Night Alone - Digital Soundtrack,31,77.42,477870,Yomawari: Night Alone,1776,77.08,Adventure
550210,Layers of Fear - Soundtrack (2016),30,86.67,391720,Layers of Fear (2016),12233,90.1,Adventure
550210,Layers of Fear - Soundtrack (2016),30,86.67,391720,Layers of Fear (2016),12233,90.1,Adventure
924330,The Messenger - 8-bit Soundtrack,21,100.0,764790,The Messenger,9516,93.24,Action
909851,killer7: 2018 Remastered Original Soundtrack,20,90.0,868520,killer7,2916,91.8,Action
2288980,X4: Kingdom End Soundtrack,26,96.15,392160,X4: Foundations,19652,78.87,Action
2288980,X4: Kingdom End Soundtrack,26,96.15,392160,X4: Foundations,19652,78.87,Action
2288980,X4: Kingdom End Soundtrack,26,96.15,392160,X4: Foundations,19652,78.87,Action
1393790,Dead Cells: Demake Soundtrack,26,92.31,588650,Dead Cells,142404,97.09,Action
1393790,Dead Cells: Demake Soundtrack,26,92.31,588650,Dead Cells,142404,97.09,Action
1300410,Eternal Return Soundtrack,41,100.0,1049590,Eternal Return,101,81.19,Indie
1944840,Ghostwire: Tokyo Original Game Soundtrack,20,95.0,1475810,Ghostwire: Tokyo,10896,83.55,Action
1703630,Paint the Town Red Original Soundtrack,41,48.78,337320,Paint the Town Red,26493,96.1,Action
1703630,Paint the Town Red Original Soundtrack,41,48.78,337320,Paint the Town Red,26493,96.1,Action
1323320,Terraria: Otherworld Official Soundtrack,169,95.86,105600,Terraria,1116308,97.64,Action
2265850,觅长生 Soundtrack,60,98.33,1189490,觅长生,24203,93.35,Indie
2265850,觅长生 Soundtrack,60,98.33,1189490,觅长生,24203,93.35,Indie
1252080,"Yes, Your Grace Soundtrack",21,85.71,1115690,"Yes, Your Grace",9986,87.29,Adventure
1252080,"Yes, Your Grace Soundtrack",21,85.71,1115690,"Yes, Your Grace",9986,87.29,Adventure
1455350,Rabi-Ribi - Soundtrack 8-bit Remix,63,96.83,400910,Rabi-Ribi,10383,95.64,Unknown
1455350,Rabi-Ribi - Soundtrack 8-bit Remix,63,96.83,400910,Rabi-Ribi,10383,95.64,Action
1455350,Rabi-Ribi - Soundtrack 8-bit Remix,63,96.83,400910,Rabi-Ribi,10383,95.64,Action
1229040,Who's Your Daddy Classic Soundtrack (2015),49,63.27,427730,Who's Your Daddy?!,24383,80.86,Action
1229040,Who's Your Daddy Classic Soundtrack (2015),49,63.27,427730,Who's Your Daddy?!,24383,80.86,Unknown
1229040,Who's Your Daddy Classic Soundtrack (2015),49,63.27,427730,Who's Your Daddy?!,24383,80.86,Action
1229040,Who's Your Daddy Classic Soundtrack (2015),49,63.27,427730,Who's Your Daddy?!,24383,80.86,Action
556900,Shadow Tactics: Blades of the Shogun - Official Soundtrack,44,95.45,418240,Shadow Tactics: Blades of the Shogun,29778,96.05,Indie
556900,Shadow Tactics: Blades of the Shogun - Official Soundtrack,44,95.45,418240,Shadow Tactics: Blades of the Shogun,29778,96.05,Indie
1008300,Tiny Snow - Original Soundtrack,47,97.87,1002560,Tiny Snow,3808,94.8,Adventure
1554570,"Half-Life: Alyx - Final Hours ""Triage at Dawn"" Soundtrack Theme",36,91.67,1361700,Half-Life: Alyx - Final Hours,854,95.32,Action
3405480,Clair Obscur: Expedition 33 – Original Soundtrack,225,97.78,1903340,Clair Obscur: Expedition 33,38779,93.91,Action
2393240,Darkest Dungeon® II: The Soundtrack,29,89.66,1940340,Darkest Dungeon® II,19554,75.85,Indie
601710,Little Nightmares - Original Soundtrack,67,91.04,424840,Little Nightmares,48014,94.79,Adventure
601710,Little Nightmares - Original Soundtrack,67,91.04,424840,Little Nightmares,48014,94.79,Adventure
1982980,Arma Reforger Soundtrack,33,69.7,1874880,Arma Reforger,26440,75.75,Action
1982980,Arma Reforger Soundtrack,33,69.7,1874880,Arma Reforger,26440,75.75,Action
1229050,Who's Your Daddy?! Official Soundtrack (2024),20,45.0,427730,Who's Your Daddy?!,24383,80.86,Action
1229050,Who's Your Daddy?! Official Soundtrack (2024),20,45.0,427730,Who's Your Daddy?!,24383,80.86,Unknown
1229050,Who's Your Daddy?! Official Soundtrack (2024),20,45.0,427730,Who's Your Daddy?!,24383,80.86,Action
1229050,Who's Your Daddy?! Official Soundtrack (2024),20,45.0,427730,Who's Your Daddy?!,24383,80.86,Action
1271680,DJMAX RESPECT V - TRILOGY Original Soundtrack(REMASTERED),38,81.58,960170,DJMAX RESPECT V,24810,89.61,Action
1271680,DJMAX RESPECT V - TRILOGY Original Soundtrack(REMASTERED),38,81.58,960170,DJMAX RESPECT V,24810,89.61,Action
1271680,DJMAX RESPECT V - TRILOGY Original Soundtrack(REMASTERED),38,81.58,960170,DJMAX RESPECT V,24810,89.61,Action
1271680,DJMAX RESPECT V - TRILOGY Original Soundtrack(REMASTERED),38,81.58,960170,DJMAX RESPECT V,24810,89.61,Unknown
1271680,DJMAX RESPECT V - TRILOGY Original Soundtrack(REMASTERED),38,81.58,960170,DJMAX RESPECT V,24810,89.61,Action
1271680,DJMAX RESPECT V - TRILOGY Original Soundtrack(REMASTERED),38,81.58,960170,DJMAX RESPECT V,24810,89.61,Action
1271680,DJMAX RESPECT V - TRILOGY Original Soundtrack(REMASTERED),38,81.58,960170,DJMAX RESPECT V,24810,89.61,Action
1271680,DJMAX RESPECT V - TRILOGY Original Soundtrack(REMASTERED),38,81.58,960170,DJMAX RESPECT V,24810,89.61,Action
1293620,Assemble with Care Soundtrack,35,94.29,1202900,Assemble with Care,7301,90.88,Casual
522620,Lost Castle: Official Soundtrack,63,88.89,434650,Lost Castle / 失落城堡,18061,87.48,Action
1228810,Age of Empires II: Definitive Edition Soundtrack,43,74.42,813780,Age of Empires II: Definitive Edition,141188,94.89,Strategy
1228810,Age of Empires II: Definitive Edition Soundtrack,43,74.42,813780,Age of Empires II: Definitive Edition,141188,94.89,Strategy
1245180,Marco & The Galaxy Dragon - Soundtrack,22,59.09,1202540,Marco & The Galaxy Dragon,6588,97.56,Adventure
1245180,Marco & The Galaxy Dragon - Soundtrack,22,59.09,1202540,Marco & The Galaxy Dragon,6588,97.56,Adventure
2363990,FlipWitch - Forbidden Sex Hex Soundtrack,26,100.0,1748620,FlipWitch - Forbidden Sex Hex,4419,94.57,Action
2363990,FlipWitch - Forbidden Sex Hex Soundtrack,26,100.0,1748620,FlipWitch - Forbidden Sex Hex,4419,94.57,Action
1050460,Devil May Cry 5 Original Soundtrack,72,100.0,601150,Devil May Cry 5,98104,96.19,Action
1050460,Devil May Cry 5 Original Soundtrack,72,100.0,601150,Devil May Cry 5,98104,96.19,Action
1050460,Devil May Cry 5 Original Soundtrack,72,100.0,601150,Devil May Cry 5,98104,96.19,Action
584141,Hearts of Iron IV: Sabaton Soundtrack Vol. 2,249,77.91,394360,Hearts of Iron IV,235352,91.63,Simulation
584141,Hearts of Iron IV: Sabaton Soundtrack Vol. 2,249,77.91,394360,Hearts of Iron IV,235352,91.63,Simulation
584141,Hearts of Iron IV: Sabaton Soundtrack Vol. 2,249,77.91,394360,Hearts of Iron IV,235352,91.63,Simulation
1645220,NEEDY GIRL OVERDOSE Soundtrack,226,97.79,1451940,NEEDY STREAMER OVERLOAD,43737,94.9,Adventure
1107290,My Friend Pedro Soundtrack,41,95.12,557340,My Friend Pedro,23634,96.0,Action
1107290,My Friend Pedro Soundtrack,41,95.12,557340,My Friend Pedro,23634,96.0,Action
1107290,My Friend Pedro Soundtrack,41,95.12,557340,My Friend Pedro,23634,96.0,Action
1238762,DJMAX RESPECT V - RESPECT Original Soundtrack,31,83.87,960170,DJMAX RESPECT V,24810,89.61,Action
1238762,DJMAX RESPECT V - RESPECT Original Soundtrack,31,83.87,960170,DJMAX RESPECT V,24810,89.61,Action
1238762,DJMAX RESPECT V - RESPECT Original Soundtrack,31,83.87,960170,DJMAX RESPECT V,24810,89.61,Action
1238762,DJMAX RESPECT V - RESPECT Original Soundtrack,31,83.87,960170,DJMAX RESPECT V,24810,89.61,Unknown
1238762,DJMAX RESPECT V - RESPECT Original Soundtrack,31,83.87,960170,DJMAX RESPECT V,24810,89.61,Action
1238762,DJMAX RESPECT V - RESPECT Original Soundtrack,31,83.87,960170,DJMAX RESPECT V,24810,89.61,Action
1238762,DJMAX RESPECT V - RESPECT Original Soundtrack,31,83.87,960170,DJMAX RESPECT V,24810,89.61,Action
1238762,DJMAX RESPECT V - RESPECT Original Soundtrack,31,83.87,960170,DJMAX RESPECT V,24810,89.61,Action
520500,Soundtrack & Artbook DLC,34,82.35,435530,The Final Station,6162,87.88,Action
1856390,TROUBLESHOOTER: Abandoned Children - White Lion and Black Witch - Soundtrack,37,100.0,470310,TROUBLESHOOTER: Abandoned Children,8760,94.11,Unknown
1856390,TROUBLESHOOTER: Abandoned Children - White Lion and Black Witch - Soundtrack,37,100.0,470310,TROUBLESHOOTER: Abandoned Children,8760,94.11,Casual
1856390,TROUBLESHOOTER: Abandoned Children - White Lion and Black Witch - Soundtrack,37,100.0,470310,TROUBLESHOOTER: Abandoned Children,8760,94.11,Casual
862810,Hellblade: Senua's Sacrifice Original Soundtrack,109,91.74,414340,Hellblade: Senua's Sacrifice,63934,90.34,Action
1701720,Rust Soundtrack,153,81.7,252490,Rust,1013090,87.67,Action
1701720,Rust Soundtrack,153,81.7,252490,Rust,1013090,87.67,Action
1233280,The Witcher 3: Wild Hunt - Hearts of Stone Soundtrack,37,89.19,292030,The Witcher 3: Wild Hunt,757401,96.83,RPG
1233280,The Witcher 3: Wild Hunt - Hearts of Stone Soundtrack,37,89.19,292030,The Witcher 3: Wild Hunt,757401,96.83,RPG
1233280,The Witcher 3: Wild Hunt - Hearts of Stone Soundtrack,37,89.19,292030,The Witcher 3: Wild Hunt,757401,96.83,RPG
1233280,The Witcher 3: Wild Hunt - Hearts of Stone Soundtrack,37,89.19,292030,The Witcher 3: Wild Hunt,757401,96.83,RPG
1233280,The Witcher 3: Wild Hunt - Hearts of Stone Soundtrack,37,89.19,292030,The Witcher 3: Wild Hunt,757401,96.83,RPG
2021310,The Stanley Parable: Ultra Deluxe Soundtrack,20,95.0,1703340,The Stanley Parable: Ultra Deluxe,28802,94.3,Adventure
2021310,The Stanley Parable: Ultra Deluxe Soundtrack,20,95.0,1703340,The Stanley Parable: Ultra Deluxe,28802,94.3,Adventure
468280,Soundtrack + Audiobook,23,91.3,274500,Brigador: Up-Armored Edition,4255,94.52,Action
2182230,Otaku's Adventure Soundtrack,31,96.77,937170,Otaku's Adventure,7575,94.86,Adventure
2182230,Otaku's Adventure Soundtrack,31,96.77,937170,Otaku's Adventure,7575,94.86,Adventure
1016520,Pikuniku Soundtrack + Comic,57,87.72,572890,Pikuniku,8420,96.05,Action
1016520,Pikuniku Soundtrack + Comic,57,87.72,572890,Pikuniku,8420,96.05,Action
947820,Distance - Soundtrack & Art Book,26,100.0,233610,Distance,5433,93.47,Action
461160,Fallout: New Vegas - Soundtrack,45,88.89,22380,Fallout: New Vegas,181901,96.04,Action
1247140,"War Thunder: Ground Forces, Vol.1 (Original Game Soundtrack)",20,75.0,236390,War Thunder,1770,71.69,Action
1247140,"War Thunder: Ground Forces, Vol.1 (Original Game Soundtrack)",20,75.0,236390,War Thunder,1770,71.69,Action
1247140,"War Thunder: Ground Forces, Vol.1 (Original Game Soundtrack)",20,75.0,236390,War Thunder,1770,71.69,Action
1247140,"War Thunder: Ground Forces, Vol.1 (Original Game Soundtrack)",20,75.0,236390,War Thunder,1770,71.69,Action
2117970,Slime Rancher 2 Soundtrack,25,96.0,1657630,Slime Rancher 2,29317,94.4,Action
276190,Red Faction Armageddon Soundtrack,22,72.73,55110,Red Faction®: Armageddon™,2495,70.94,Action
1069730,Avorion - Soundtrack,20,90.0,445220,Avorion,12133,90.23,Action
1069730,Avorion - Soundtrack,20,90.0,445220,Avorion,12133,90.23,Action
1069730,Avorion - Soundtrack,20,90.0,445220,Avorion,12133,90.23,Action
2303120,Atomic Heart - Original Soundtrack,119,89.92,668580,Atomic Heart,28796,82.34,Action
2303120,Atomic Heart - Original Soundtrack,119,89.92,668580,Atomic Heart,28796,82.34,Action
1982980,Arma Reforger Soundtrack,33,69.7,1874880,Arma Reforger,26440,75.75,Action
1982980,Arma Reforger Soundtrack,33,69.7,1874880,Arma Reforger,26440,75.75,Action
1738020,Cookie Clicker Soundtrack,44,81.82,1454400,Cookie Clicker,74463,96.7,Casual
2054540,Neon White - Original Soundtrack,52,100.0,1533420,Neon White,14765,98.25,Action
2054540,Neon White - Original Soundtrack,52,100.0,1533420,Neon White,14765,98.25,Action
1107290,My Friend Pedro Soundtrack,41,95.12,557340,My Friend Pedro,23634,96.0,Action
1107290,My Friend Pedro Soundtrack,41,95.12,557340,My Friend Pedro,23634,96.0,Action
1107290,My Friend Pedro Soundtrack,41,95.12,557340,My Friend Pedro,23634,96.0,Action
1239060,Kara no Shojo Soundtrack,27,100.0,965810,Kara no Shojo,370,91.35,Adventure
1239060,Kara no Shojo Soundtrack,27,100.0,965810,Kara no Shojo,370,91.35,Adventure
776650,Ash of Gods - Original Soundtrack,30,93.33,691690,Ash of Gods: Redemption,2842,73.5,Adventure
1659770,Robolife-Days with Aino Soundtrack,24,95.83,1477810,Robolife-Days with Aino,1343,91.36,Indie
1275730,:THE LONGING: Soundtrack,24,100.0,893850,THE LONGING,6281,92.31,Adventure
457840,Enter the Gungeon - Soundtrack,54,88.89,311690,Enter the Gungeon,75067,95.58,Action
1781130,Bright Memory: Infinite Soundtrack,52,98.08,1178830,Bright Memory: Infinite,35109,91.95,Action
2890860,I Wani Hug that Gator! Original Soundtrack,43,100.0,1895350,I Wani Hug that Gator!,4327,98.64,Casual
1069730,Avorion - Soundtrack,20,90.0,445220,Avorion,12133,90.23,Action
1069730,Avorion - Soundtrack,20,90.0,445220,Avorion,12133,90.23,Action
1069730,Avorion - Soundtrack,20,90.0,445220,Avorion,12133,90.23,Action
1877810,Iron Lung Soundtrack,28,92.86,1846170,Iron Lung,7497,92.49,Adventure
1877810,Iron Lung Soundtrack,28,92.86,1846170,Iron Lung,7497,92.49,Adventure
1207610,WolfQuest Original Soundtrack,41,95.12,926990,WolfQuest: Anniversary Edition,8635,97.87,Action
1207610,WolfQuest Original Soundtrack,41,95.12,926990,WolfQuest: Anniversary Edition,8635,97.87,Action
2194520,Mount & Blade II: Bannerlord Soundtrack,45,91.11,261550,Mount & Blade II: Bannerlord,204072,87.92,Action
2194520,Mount & Blade II: Bannerlord Soundtrack,45,91.11,261550,Mount & Blade II: Bannerlord,204072,87.92,Action
1296640,千面 Melancholy Love Soundtrack,32,100.0,1168470,千面 Melancholy Love,2002,94.61,Adventure
2007440,POSTAL Brain Damaged Soundtrack,28,92.86,1359980,POSTAL: Brain Damaged,7331,95.91,Action
2007440,POSTAL Brain Damaged Soundtrack,28,92.86,1359980,POSTAL: Brain Damaged,7331,95.91,Action
1244270,RimWorld - Royalty Soundtrack,43,95.35,294100,RimWorld,176847,97.96,Indie
1244270,RimWorld - Royalty Soundtrack,43,95.35,294100,RimWorld,176847,97.96,Indie
1244270,RimWorld - Royalty Soundtrack,43,95.35,294100,RimWorld,176847,97.96,Indie
1244270,RimWorld - Royalty Soundtrack,43,95.35,294100,RimWorld,176847,97.96,Indie
313760,Soul Gambler: Artbook & Soundtrack,54,90.74,313020,Soul Gambler,2167,87.22,Adventure
501750,True Love ～Confide to the Maple～ - Original Soundtrack,47,97.87,495990,True Love ～Confide to the Maple～,1295,84.32,Adventure
461740,Tower Unite - Soundtrack,47,85.11,394690,Tower Unite,15415,89.78,Action
3399450,FINAL FANTASY VII REBIRTH Original Soundtrack,26,80.77,2909400,FINAL FANTASY VII REBIRTH,13597,78.08,Action
2974310,God of War Ragnarök Soundtrack,21,71.43,2322010,God of War Ragnarök,19650,87.1,Action
1233280,The Witcher 3: Wild Hunt - Hearts of Stone Soundtrack,37,89.19,292030,The Witcher 3: Wild Hunt,757405,96.83,RPG
1233280,The Witcher 3: Wild Hunt - Hearts of Stone Soundtrack,37,89.19,292030,The Witcher 3: Wild Hunt,757405,96.83,RPG
1233280,The Witcher 3: Wild Hunt - Hearts of Stone Soundtrack,37,89.19,292030,The Witcher 3: Wild Hunt,757405,96.83,RPG
1233280,The Witcher 3: Wild Hunt - Hearts of Stone Soundtrack,37,89.19,292030,The Witcher 3: Wild Hunt,757405,96.83,RPG
1233280,The Witcher 3: Wild Hunt - Hearts of Stone Soundtrack,37,89.19,292030,The Witcher 3: Wild Hunt,757405,96.83,RPG
2216070,"Warhammer 40,000: Darktide (Original Soundtrack)",73,84.93,1361210,"Warhammer 40,000: Darktide",89432,71.07,Action
2216070,"Warhammer 40,000: Darktide (Original Soundtrack)",73,84.93,1361210,"Warhammer 40,000: Darktide",89432,71.07,Action
807320,Into the Breach Soundtrack,31,96.77,590380,Into the Breach,16958,94.52,Indie
3001960,Summer Clover -Soundtrack-,86,77.91,2458860,Summer Clover,6478,98.09,Adventure
1867890,Sword and Fairy 7 Soundtrack,43,90.7,1543030,Sword and Fairy 7,14860,72.44,Unknown
1867890,Sword and Fairy 7 Soundtrack,43,90.7,1543030,Sword and Fairy 7,14860,72.44,Action
1455340,Rabi-Ribi - Orchestra Arrangement Soundtrack,27,100.0,400910,Rabi-Ribi,10383,95.64,Unknown
1455340,Rabi-Ribi - Orchestra Arrangement Soundtrack,27,100.0,400910,Rabi-Ribi,10383,95.64,Action
1455340,Rabi-Ribi - Orchestra Arrangement Soundtrack,27,100.0,400910,Rabi-Ribi,10383,95.64,Action
1402630,Freedom Fighters Soundtrack,38,97.37,1347780,Freedom Fighters,1832,94.54,Action
1402630,Freedom Fighters Soundtrack,38,97.37,1347780,Freedom Fighters,1832,94.54,Action
1238762,DJMAX RESPECT V - RESPECT Original Soundtrack,31,83.87,960170,DJMAX RESPECT V,24810,89.61,Action
1238762,DJMAX RESPECT V - RESPECT Original Soundtrack,31,83.87,960170,DJMAX RESPECT V,24810,89.61,Action
1238762,DJMAX RESPECT V - RESPECT Original Soundtrack,31,83.87,960170,DJMAX RESPECT V,24810,89.61,Action
1238762,DJMAX RESPECT V - RESPECT Original Soundtrack,31,83.87,960170,DJMAX RESPECT V,24810,89.61,Unknown
1238762,DJMAX RESPECT V - RESPECT Original Soundtrack,31,83.87,960170,DJMAX RESPECT V,24810,89.61,Action
1238762,DJMAX RESPECT V - RESPECT Original Soundtrack,31,83.87,960170,DJMAX RESPECT V,24810,89.61,Action
1238762,DJMAX RESPECT V - RESPECT Original Soundtrack,31,83.87,960170,DJMAX RESPECT V,24810,89.61,Action
1238762,DJMAX RESPECT V - RESPECT Original Soundtrack,31,83.87,960170,DJMAX RESPECT V,24810,89.61,Action
1079460,Descenders Soundtrack,40,80.0,681280,Descenders,15467,95.27,Action
1079460,Descenders Soundtrack,40,80.0,681280,Descenders,15467,95.27,Action
1079460,Descenders Soundtrack,40,80.0,681280,Descenders,15467,95.27,Action
612210,Hacknet - Labyrinths Official Soundtrack,23,95.65,365450,Hacknet,15984,93.95,Indie
612210,Hacknet - Labyrinths Official Soundtrack,23,95.65,365450,Hacknet,15984,93.95,Indie
1069730,Avorion - Soundtrack,20,90.0,445220,Avorion,12133,90.23,Action
1069730,Avorion - Soundtrack,20,90.0,445220,Avorion,12133,90.23,Action
1069730,Avorion - Soundtrack,20,90.0,445220,Avorion,12133,90.23,Action
1470640,Our Life: Beginnings & Always Soundtrack,20,100.0,1129190,Our Life: Beginnings & Always,422,99.53,Casual
1521440,Flowers Blooming at the End of Summer Soundtrack,37,97.3,1173010,Flowers Blooming at the End of Summer,1888,96.03,Casual
1440610,Superliminal Soundtrack Double Album,35,88.57,1049410,Superliminal,24902,94.81,Action
1100130,They Are Billions - Soundtrack & Art Book,46,91.3,644930,They Are Billions,43517,85.08,Strategy
1100130,They Are Billions - Soundtrack & Art Book,46,91.3,644930,They Are Billions,43517,85.08,Strategy
1100130,They Are Billions - Soundtrack & Art Book,46,91.3,644930,They Are Billions,43517,85.08,Strategy
1232080,Thronebreaker: The Witcher Tales Soundtrack,27,81.48,973760,Thronebreaker: The Witcher Tales,14470,89.99,Adventure
1232080,Thronebreaker: The Witcher Tales Soundtrack,27,81.48,973760,Thronebreaker: The Witcher Tales,14470,89.99,Adventure
986250,GRIS Soundtrack,188,94.15,683320,GRIS,71859,96.48,Adventure
1257570,Two Point Hospital Soundtrack,20,95.0,535930,Two Point Hospital,25137,92.6,Indie
1257570,Two Point Hospital Soundtrack,20,95.0,535930,Two Point Hospital,25137,92.6,Indie
1247130,"War Thunder: Air Forces, Vol.1 (Original Game Soundtrack)",30,73.33,236390,War Thunder,1770,71.69,Action
1247130,"War Thunder: Air Forces, Vol.1 (Original Game Soundtrack)",30,73.33,236390,War Thunder,1770,71.69,Action
1247130,"War Thunder: Air Forces, Vol.1 (Original Game Soundtrack)",30,73.33,236390,War Thunder,1770,71.69,Action
1247130,"War Thunder: Air Forces, Vol.1 (Original Game Soundtrack)",30,73.33,236390,War Thunder,1770,71.69,Action
1709930,I Am Fish Soundtrack,22,63.64,1472560,I Am Fish,2093,75.73,Adventure
1709930,I Am Fish Soundtrack,22,63.64,1472560,I Am Fish,2093,75.73,Adventure
1762140,Before Your Eyes - Soundtrack and Artbook,21,95.24,1082430,Before Your Eyes,15490,97.95,Adventure
912540,Monster Hunter: World Original Soundtrack,135,94.07,582010,Monster Hunter: World,296007,89.08,Action
1525720,Skul: The Hero Slayer Soundtrack,39,89.74,1147560,Skul: The Hero Slayer,48177,93.41,Action
1386600,A Summer's End - Hong Kong 1986 Soundtrack,30,96.67,1111370,A Summer's End - Hong Kong 1986,1867,96.25,Casual
1244270,RimWorld - Royalty Soundtrack,43,95.35,294100,RimWorld,176847,97.96,Indie
1244270,RimWorld - Royalty Soundtrack,43,95.35,294100,RimWorld,176847,97.96,Indie
1244270,RimWorld - Royalty Soundtrack,43,95.35,294100,RimWorld,176847,97.96,Indie
1244270,RimWorld - Royalty Soundtrack,43,95.35,294100,RimWorld,176847,97.96,Indie
1140120,Darkwood - Soundtrack,26,96.15,274520,Darkwood,19063,95.04,Action
1100130,They Are Billions - Soundtrack & Art Book,46,91.3,644930,They Are Billions,43517,85.08,Strategy
1100130,They Are Billions - Soundtrack & Art Book,46,91.3,644930,They Are Billions,43517,85.08,Strategy
1100130,They Are Billions - Soundtrack & Art Book,46,91.3,644930,They Are Billions,43517,85.08,Strategy
456470,BEEP - Soundtrack,42,90.48,104200,BEEP,3923,85.14,Adventure
2265850,觅长生 Soundtrack,60,98.33,1189490,觅长生,24203,93.35,Indie
2265850,觅长生 Soundtrack,60,98.33,1189490,觅长生,24203,93.35,Indie
545170,Razortron 2000: Soundtrack,39,94.87,539720,Razortron 2000,1836,85.46,Casual
545170,Razortron 2000: Soundtrack,39,94.87,539720,Razortron 2000,1836,85.46,Casual
1229370,The Witcher: Enhanced Edition Soundtrack,25,84.0,20900,The Witcher: Enhanced Edition Director's Cut,57583,89.33,Action
1245180,Marco & The Galaxy Dragon - Soundtrack,22,59.09,1202540,Marco & The Galaxy Dragon,6588,97.56,Adventure
1245180,Marco & The Galaxy Dragon - Soundtrack,22,59.09,1202540,Marco & The Galaxy Dragon,6588,97.56,Adventure
461800,Hearts of Iron IV: Sabaton Soundtrack,385,75.84,394360,Hearts of Iron IV,235352,91.63,Simulation
461800,Hearts of Iron IV: Sabaton Soundtrack,385,75.84,394360,Hearts of Iron IV,235352,91.63,Simulation
461800,Hearts of Iron IV: Sabaton Soundtrack,385,75.84,394360,Hearts of Iron IV,235352,91.63,Simulation
1811530,Secret Pie Soundtrack,47,40.43,1802870,Secret Pie (Adult Version),2237,85.2,Adventure
1244160,Oxygen Not Included Soundtrack,101,98.02,457140,Oxygen Not Included,119727,96.82,Indie
1244160,Oxygen Not Included Soundtrack,101,98.02,457140,Oxygen Not Included,119727,96.82,Indie
1247270,Divinity: Original Sin 2 Soundtrack,68,95.59,435150,Divinity: Original Sin 2 - Definitive Edition,165569,95.72,Unknown
1247270,Divinity: Original Sin 2 Soundtrack,68,95.59,435150,Divinity: Original Sin 2 - Definitive Edition,165569,95.72,Adventure
553670,Beholder - Original Soundtrack,151,96.69,475550,Beholder,19947,91.92,Unknown
553670,Beholder - Original Soundtrack,151,96.69,475550,Beholder,19947,91.92,Adventure
3202590,The Forever Winter Soundtrack,54,100.0,2828860,The Forever Winter,16416,72.77,Action
583810,Resident Evil 7 biohazard Original Soundtrack,59,93.22,418370,Resident Evil 7 Biohazard,65584,95.28,Action
583810,Resident Evil 7 biohazard Original Soundtrack,59,93.22,418370,Resident Evil 7 Biohazard,65584,95.28,Action
1998750,Guilty Gear -Strive- Original Soundtrack Necessary Discrepancy Disc 2,30,93.33,1384160,GUILTY GEAR -STRIVE-,41982,88.75,Action
1998750,Guilty Gear -Strive- Original Soundtrack Necessary Discrepancy Disc 2,30,93.33,1384160,GUILTY GEAR -STRIVE-,41982,88.75,Action
1998750,Guilty Gear -Strive- Original Soundtrack Necessary Discrepancy Disc 2,30,93.33,1384160,GUILTY GEAR -STRIVE-,41982,88.75,Action
498770,Zombie Night Terror - Soundtrack,34,100.0,416680,Zombie Night Terror,3039,93.45,Action
436550,Homeworld: Deserts of Kharak - Soundtrack,27,85.19,281610,Homeworld: Deserts of Kharak,7423,79.86,Strategy
1315150,DJMAX RESPECT V - BLACK SQUARE Original Soundtrack(REMASTERED),22,63.64,960170,DJMAX RESPECT V,24810,89.61,Action
1315150,DJMAX RESPECT V - BLACK SQUARE Original Soundtrack(REMASTERED),22,63.64,960170,DJMAX RESPECT V,24810,89.61,Action
1315150,DJMAX RESPECT V - BLACK SQUARE Original Soundtrack(REMASTERED),22,63.64,960170,DJMAX RESPECT V,24810,89.61,Action
1315150,DJMAX RESPECT V - BLACK SQUARE Original Soundtrack(REMASTERED),22,63.64,960170,DJMAX RESPECT V,24810,89.61,Unknown
1315150,DJMAX RESPECT V - BLACK SQUARE Original Soundtrack(REMASTERED),22,63.64,960170,DJMAX RESPECT V,24810,89.61,Action
1315150,DJMAX RESPECT V - BLACK SQUARE Original Soundtrack(REMASTERED),22,63.64,960170,DJMAX RESPECT V,24810,89.61,Action
1315150,DJMAX RESPECT V - BLACK SQUARE Original Soundtrack(REMASTERED),22,63.64,960170,DJMAX RESPECT V,24810,89.61,Action
1315150,DJMAX RESPECT V - BLACK SQUARE Original Soundtrack(REMASTERED),22,63.64,960170,DJMAX RESPECT V,24810,89.61,Action
1233340,The Witcher 3: Wild Hunt - Blood and Wine Soundtrack,63,93.65,292030,The Witcher 3: Wild Hunt,757405,96.83,RPG
1233340,The Witcher 3: Wild Hunt - Blood and Wine Soundtrack,63,93.65,292030,The Witcher 3: Wild Hunt,757405,96.83,RPG
1233340,The Witcher 3: Wild Hunt - Blood and Wine Soundtrack,63,93.65,292030,The Witcher 3: Wild Hunt,757405,96.83,RPG
1233340,The Witcher 3: Wild Hunt - Blood and Wine Soundtrack,63,93.65,292030,The Witcher 3: Wild Hunt,757405,96.83,RPG
1233340,The Witcher 3: Wild Hunt - Blood and Wine Soundtrack,63,93.65,292030,The Witcher 3: Wild Hunt,757405,96.83,RPG
1542600,Skullgirls: Original Soundtrack,60,76.67,245170,Skullgirls 2nd Encore,22057,89.02,Action
1240360,The Elder Scrolls V: Skyrim Soundtrack,68,73.53,72850,The Elder Scrolls V: Skyrim,181131,94.51,RPG
1240360,The Elder Scrolls V: Skyrim Soundtrack,68,73.53,72850,The Elder Scrolls V: Skyrim,181131,94.51,RPG
612210,Hacknet - Labyrinths Official Soundtrack,23,95.65,365450,Hacknet,15984,93.95,Indie
612210,Hacknet - Labyrinths Official Soundtrack,23,95.65,365450,Hacknet,15984,93.95,Indie
1474600,Hardspace: Shipbreaker - Original Soundtrack,47,97.87,1161580,Hardspace: Shipbreaker,17772,89.82,Simulation
1192450,Wolcen: Lords of Mayhem - Original Soundtrack,34,50.0,424370,Wolcen: Lords of Mayhem,61575,55.86,Action
1192450,Wolcen: Lords of Mayhem - Original Soundtrack,34,50.0,424370,Wolcen: Lords of Mayhem,61575,55.86,Action
2232370,Dwarf Fortress Soundtrack,49,97.96,975370,Dwarf Fortress,26439,95.04,Indie
2232370,Dwarf Fortress Soundtrack,49,97.96,975370,Dwarf Fortress,26439,95.04,Indie
1233220,Disco Elysium Soundtrack,59,96.61,632470,Disco Elysium - The Final Cut,100764,93.15,RPG
1233220,Disco Elysium Soundtrack,59,96.61,632470,Disco Elysium - The Final Cut,100764,93.15,RPG
1233220,Disco Elysium Soundtrack,59,96.61,632470,Disco Elysium - The Final Cut,100764,93.15,RPG
1233220,Disco Elysium Soundtrack,59,96.61,632470,Disco Elysium - The Final Cut,100764,93.15,RPG
2085840,POPGOES Arcade Soundtrack,29,100.0,1986840,POPGOES Arcade,1367,96.78,RPG
1397370,RuneScape: Original Soundtrack Classics,22,77.27,1343370,Old School RuneScape,45,62.22,Adventure
1397370,RuneScape: Original Soundtrack Classics,22,77.27,1343370,Old School RuneScape,45,62.22,Adventure
1253280,Death and Taxes Soundtrack,32,96.88,1166290,Death and Taxes,6425,87.11,Adventure
1253280,Death and Taxes Soundtrack,32,96.88,1166290,Death and Taxes,6425,87.11,Adventure
1041000,Hypnospace Outlaw (Original Soundtrack),28,96.43,844590,Hypnospace Outlaw,4083,96.87,Simulation
1041000,Hypnospace Outlaw (Original Soundtrack),28,96.43,844590,Hypnospace Outlaw,4083,96.87,Simulation
1041000,Hypnospace Outlaw (Original Soundtrack),28,96.43,844590,Hypnospace Outlaw,4083,96.87,Simulation
2023240,Scorn: Original Soundtrack,38,94.74,698670,Scorn,10973,77.48,Action
2023240,Scorn: Original Soundtrack,38,94.74,698670,Scorn,10973,77.48,Action
1250890,Grim Dawn Soundtrack,24,100.0,219990,Grim Dawn,83524,93.69,Action
1250890,Grim Dawn Soundtrack,24,100.0,219990,Grim Dawn,83524,93.69,Action
2771140,苍翼：混沌效应 Soundtrack - A,36,100.0,2273430,BlazBlue Entropy Effect,25229,94.92,Action
2771140,苍翼：混沌效应 Soundtrack - A,36,100.0,2273430,BlazBlue Entropy Effect,25229,94.92,Action
456510,Gun Rocket - Soundtrack,22,50.0,391420,Gun Rocket,604,72.52,Adventure
436090,Factorio - Soundtrack,109,93.58,427520,Factorio,170218,97.38,Casual
769180,Nekojishi Original Soundtrack,58,100.0,570840,家有大貓 Nekojishi,60,95.0,Free To Play
577020,"Planes, Bullets and Vodka: Soundtrack",67,94.03,562360,"Planes, Bullets and Vodka",1793,84.94,Action
577020,"Planes, Bullets and Vodka: Soundtrack",67,94.03,562360,"Planes, Bullets and Vodka",1793,84.94,Action
577020,"Planes, Bullets and Vodka: Soundtrack",67,94.03,562360,"Planes, Bullets and Vodka",1793,84.94,Action
1092840,Celeste Original Soundtrack,258,93.02,504230,Celeste,106927,97.51,Action
1092840,Celeste Original Soundtrack,258,93.02,504230,Celeste,106927,97.51,Action
1092840,Celeste Original Soundtrack,258,93.02,504230,Celeste,106927,97.51,Action
254260,PAYDAY 2: The Official Soundtrack,149,98.66,218620,PAYDAY 2,435277,90.13,Action
2340470,候鸟 Soundtrack,35,100.0,1765350,候鸟,3248,97.81,Adventure
770780,Finding Paradise Soundtrack,111,98.2,337340,Finding Paradise,16594,97.96,Adventure
2714790,Peeping Dorm Manager Soundtrack,36,30.56,2273420,Peeping Dorm Manager,5279,94.09,Indie
2182230,Otaku's Adventure Soundtrack,31,96.77,937170,Otaku's Adventure,7575,94.86,Adventure
2182230,Otaku's Adventure Soundtrack,31,96.77,937170,Otaku's Adventure,7575,94.86,Adventure
